FI,A9_imp_2019
010000024,11.34
010000032,22.13
010000065,51.45
010000081,23.552000000000003
010000099,58.52
010000107,43.9
010000115,57.57
010000131,57.57
010000180,10.47
010000198,10.47
010000214,10.47
010000495,12.943999999999999
010002129,23.494
010005239,8.34
010005379,26.314000000000004
010006526,14.500000000000002
010007300,0.0
010008852,13.712000000000002
010009314,11.34
010009702,11.34
010010171,14.532
010780195,3.2
010780203,5.57
010780252,29.847999999999995
010780278,30.755999999999993
010780294,4.984000000000001
010780310,33.208
010780328,33.208
010780476,15.508000000000003
010780492,14.748
010780708,15.508000000000003
010780799,33.208
010786259,8.34
010789006,14.500000000000002
010789576,51.45
010789717,8.34
020000089,45.88
020000097,49.54
020000105,66.14
020000162,10.28
020000246,45.96
020000303,14.748
020000360,0.37
020000386,16.032
020000394,16.46
020000519,12.58
020000535,12.31
020000543,13.938
020000915,14.748
020001061,17.09
020001087,19.33
020001772,14.500000000000002
020001913,14.500000000000002
020003877,16.46
020004156,17.81
020004297,15.57
020004677,12.58
020005476,16.46
020006441,14.500000000000002
020006664,10.28
020009684,21.756000000000004
020010047,3.36
020010310,30.196
020010898,23.868
020012860,14.500000000000002
020014767,18.822
020016242,14.500000000000002
020016341,13.712000000000002
020016366,10.28
020017075,14.500000000000002
030000012,15.89
030000061,19.36
030000079,17.82
030000087,11.42
030000095,46.88
030000160,14.06
030001689,20.208000000000002
030002208,14.71
030003669,14.500000000000002
030003719,14.500000000000002
030003768,14.500000000000002
030007942,14.71
030780548,2.02
030781116,8.59
030781637,17.82
030785430,3.4899999999999998
040000028,28.696000000000005
040000036,14.29
040000044,11.94
040000069,35.884
040000093,13.72
040000119,26.03
040000127,11.94
040000135,11.72
040000911,15.45
040003113,14.500000000000002
040780389,23.494
040780405,14.801999999999998
040780470,0.4
040780488,14.924000000000001
040780520,22.480000000000004
040782021,29.847999999999995
040784860,24.984
040787541,14.500000000000002
050000041,15.678
050000058,29.847999999999995
050000066,19.35
050000090,0.27
050000132,26.582
050000223,59.379999999999995
050000231,9.9
050000256,27.8
050000298,32.076
050000306,31.396
050000330,42.535999999999994
050000348,11.72
050000371,14.991999999999999
050000454,17.238000000000003
050000488,24.366000000000003
050000637,33.208
050000991,14.251999999999997
050001064,23.494
050002351,16.023999999999997
050003359,14.500000000000002
050006022,14.500000000000002
050007533,4.528
060000163,45.0
060000296,29.847999999999995
060000304,44.19
060000411,28.57
060000478,11.78
060000486,52.53
060000494,14.44
060000510,15.9
060000528,3.382
060000536,27.27
060000544,12.67
060000551,32.554
060001625,27.27
060002102,16.69
060005469,17.458000000000002
060006558,14.153999999999996
060010899,12.06
060010949,5.664000000000001
060015328,14.991999999999999
060019213,30.154000000000003
060019627,11.680000000000001
060019676,14.500000000000002
060021094,19.478
060021201,15.016000000000002
060021276,0.0
060021342,20.208000000000002
060023694,13.712000000000002
060024395,12.06
060024411,12.06
060780145,18.488
060780186,32.022
060780277,18.488
060780343,25.481999999999992
060780350,23.896
060780392,24.461999999999996
060780442,0.05
060780459,15.508000000000003
060780491,6.18
060780517,3.11
060780525,18.05
060780541,17.69
060780558,15.508000000000003
060780590,1.13
060780665,20.392000000000003
060780715,3.1400000000000006
060780723,2.28
060780749,18.038
060780756,0.77
060780947,5.362
060780996,12.943999999999999
060781200,6.269999999999999
060781374,15.154
060781929,18.01
060785003,12.06
060785219,3.112
060785227,16.906000000000002
060785243,19.849999999999998
060788957,12.06
060789195,12.06
060789674,15.678
060790177,12.06
060790680,11.78
060790862,30.632
060791746,29.847999999999995
060791811,18.380000000000003
060791860,26.344
060792090,14.500000000000002
060792736,14.500000000000002
060792900,14.500000000000002
060792926,0.0
060794013,4.378
060794021,12.67
060798881,18.426000000000002
060800166,6.43
060800174,18.826
060800182,16.562
060801016,14.500000000000002
070000013,15.010000000000002
070000021,50.419999999999995
070000039,41.43
070000047,56.34
070000062,0.0
070000070,25.099999999999998
070000096,43.13399999999999
070000112,50.419999999999995
070000146,41.778000000000006
070000179,13.72
070000187,28.71
070000195,19.84
070000203,67.41
070000484,14.27
070000609,14.27
070004726,14.500000000000002
070005046,14.758
070006804,14.27
070780168,1.3
070780226,30.634
070780234,39.339999999999996
070780242,35.884
070780317,24.492
070780390,22.566000000000003
070780424,4.69
070783824,15.010000000000002
070784517,15.010000000000002
070784897,32.22200000000001
070786231,14.500000000000002
070786249,14.500000000000002
080000110,12.138
080000136,15.896
080000219,14.84
080000250,15.508000000000003
080000268,14.108
080000276,14.84
080000284,39.328
080000300,37.642
080000318,24.492
080000425,13.877999999999998
080002140,14.684
080005846,14.500000000000002
080005960,17.172
080006034,14.500000000000002
080008279,14.84
080008568,14.500000000000002
080009392,20.208000000000002
080009814,12.915999999999999
080010267,11.281999999999998
080010465,2.5120000000000005
080010473,5.46
080010523,12.656000000000002
090000019,15.414
090000175,11.86
090000183,14.54
090001629,11.86
090002833,14.500000000000002
090002841,11.86
090784125,14.500000000000002
090784679,14.500000000000002
100000082,1.04
100000090,14.26
100000108,12.943999999999999
100000116,50.0
100000124,2.01
100000140,50.470000000000006
100000157,0.59
100000199,20.63
100000801,20.63
100002351,24.44
100005958,14.500000000000002
100006493,14.26
100006550,14.499999999999998
100007285,15.578000000000003
100007699,20.63
100009364,14.26
100009380,14.26
100010206,14.26
100010362,15.545999999999998
100010545,15.396
100010578,19.849999999999998
100010818,2.9400000000000004
100010933,39.016
110000023,21.55
110000049,30.2
110000056,18.22
110000189,41.54
110000247,27.26
110000262,16.023999999999997
110002953,18.22
110003118,14.924000000000001
110004413,6.343999999999999
110004421,6.343999999999999
110004439,14.500000000000002
110004942,29.847999999999995
110005048,18.306
110005246,18.22
110005311,6.343999999999999
110005394,19.022
110006137,21.55
110007259,14.500000000000002
110007580,21.55
110007598,21.55
110007630,33.208
110780152,16.778
110780194,20.882000000000005
110780202,20.380000000000003
110780228,5.18
110780236,41.54
110780483,3.98
110781283,18.22
110786324,14.610000000000001
110786746,14.232000000000003
120000039,13.170000000000002
120000054,10.05
120000070,24.72
120000088,51.77
120000096,50.85000000000001
120000153,23.552000000000003
120000237,15.326
120001748,5.664000000000001
120004569,8.19
120004668,16.11
120005228,14.500000000000002
120007554,8.19
120007786,14.500000000000002
120008248,10.05
120780135,14.657999999999998
120780143,15.678
120780283,18.2
120782263,10.05
120783097,8.19
120783188,13.170000000000002
120783618,25.808000000000003
120786959,13.170000000000002
120788088,14.500000000000002
130000235,18.314
130000409,9.94
130000433,13.938
130000516,15.13
130000565,13.66
130001225,12.549999999999999
130001258,23.552
130001647,4.9399999999999995
130002215,13.62
130002496,13.924
130002694,31.318
130002827,12.78
130002835,11.81
130008048,23.494
130008238,22.592
130008253,0.26
130008287,14.500000000000002
130021488,25.808000000000003
130021819,23.868000000000006
130022619,25.808000000000003
130024268,14.500000000000002
130032758,24.222
130034002,14.500000000000002
130034044,14.500000000000002
130034093,14.500000000000002
130034531,20.0
130034556,14.500000000000002
130034580,11.679999999999998
130034614,12.008000000000001
130035223,14.500000000000002
130035793,15.368
130035959,14.500000000000002
130036650,14.500000000000002
130037922,5.888
130038003,24.984
130038045,14.500000000000002
130041767,7.430000000000001
130042096,2.65
130042526,15.154
130043318,14.991999999999999
130043508,13.712000000000002
130043664,6.154
130043854,15.508
130044662,14.684
130044753,0.0
130044845,14.500000000000002
130044977,11.814
130044985,12.915999999999999
130044993,12.915999999999999
130045008,12.915999999999999
130045016,11.814
130045040,13.013999999999998
130045263,27.238
130046097,13.712000000000002
130048341,13.712000000000002
130780083,18.488
130780273,14.343999999999998
130780521,11.686
130781065,16.220000000000002
130781255,11.51
130781289,6.368
130781370,1.25
130781438,16.168
130781479,8.66
130781594,18.593999999999998
130781768,22.592
130781834,15.144000000000002
130781867,0.69
130781917,14.924000000000001
130781925,16.562
130782071,3.2100000000000004
130782097,15.67
130782147,5.88
130782162,0.9900000000000001
130782303,25.47
130782444,18.488
130782451,18.488
130782493,15.016000000000002
130782675,0.23999999999999996
130783152,48.484
130783236,10.24
130783293,11.004
130783327,3.34
130783475,29.847999999999995
130783665,4.0200000000000005
130783723,0.1
130783764,17.824
130784051,7.17
130784085,19.997999999999998
130784226,16.652
130784234,7.172000000000001
130784291,14.532
130784481,0.0
130784549,17.237999999999996
130784580,22.25
130784598,15.454
130784606,14.442000000000002
130784697,22.348
130784713,6.81
130784812,15.292
130784903,7.830000000000001
130784911,19.434
130784952,14.161999999999999
130785389,0.53
130785462,18.488
130785652,8.06
130785678,13.25
130785975,35.884
130785983,15.154
130786015,16.668
130786023,16.528000000000002
130786296,23.494
130786361,7.66
130786445,4.010000000000001
130786742,9.590000000000002
130786890,18.037999999999997
130786924,15.508000000000003
130786932,15.268
130786973,18.05
130787369,13.712000000000002
130789159,39.72
130789357,15.154
130790157,11.81
130798002,17.506
130798358,9.94
130802143,19.849999999999998
130804032,14.758
130804297,11.686
130806011,17.814
130806029,14.500000000000002
130806078,14.499999999999998
130806417,14.500000000000002
130808843,32.554
130809015,43.88
130809809,0.0
130809981,15.508
130810740,1.96
130811102,22.994000000000003
130811797,14.500000000000002
140000027,12.939999999999998
140000076,12.630000000000003
140000209,12.64
140000233,15.52
140000241,27.07
140000258,15.508
140000290,1.7399999999999998
140000308,29.847999999999995
140000340,32.544
140000373,28.360000000000003
140000456,13.938
140000555,3.382
140002254,14.499999999999998
140002452,5.353999999999999
140002619,17.114
140004136,12.630000000000003
140004383,12.64
140012196,12.64
140013830,15.52
140015975,33.208
140016155,19.022
140016759,2.66
140017237,2.79
140017278,13.712000000000002
140017401,12.630000000000003
140018730,1.31
140019175,15.406000000000002
140024886,12.630000000000003
140025123,29.847999999999995
140025255,12.656000000000002
140025362,12.630000000000003
140026410,27.07
140026709,1.68
140027434,14.500000000000002
140027681,14.126
140027731,14.99
140028895,14.500000000000002
140030891,4.528
150000024,34.23
150000032,19.99
150000040,13.25
150000149,16.023999999999997
150000164,33.94
150000180,38.11
150001758,14.500000000000002
150002608,15.196000000000002
150002921,33.94
150003713,20.208000000000002
150780120,29.499999999999996
150780708,15.016000000000002
150780732,6.72
150780773,19.99
150780823,13.25
150782944,13.018
160000170,1.04
160000188,34.27
160000253,13.53
160000261,18.92
160000279,1.26
160000303,40.25
160000311,20.35
160000337,27.85
160000345,25.562
160000360,48.54
160002036,19.849999999999998
160006110,31.328000000000007
160008231,17.237999999999996
160009080,15.508000000000003
160012159,14.500000000000002
160012209,30.854
160013207,2.69
160014650,4.528
160015368,18.92
160016374,13.712000000000002
170000038,19.5
170000061,14.980000000000002
170000079,42.19
170000087,14.980000000000002
170000095,18.99
170000103,11.91
170000111,14.980000000000002
170000129,33.71
170000137,15.896
170000152,11.71
170000178,60.0
170020994,11.91
170022065,13.054000000000002
170022818,12.75
170022826,13.399999999999999
170024590,11.71
170780043,16.926000000000002
170780068,32.022000000000006
170780100,32.022000000000006
170780282,16.778
170780290,16.823999999999998
170780563,4.07
170780613,3.2359999999999998
170780621,3.81
170780647,0.27
170780662,0.59
170780803,15.546000000000001
170781199,20.24
170782981,14.980000000000002
170783138,17.376
170783146,19.5
170784086,18.038000000000004
170784110,14.980000000000002
170785059,12.008000000000001
170792212,14.500000000000002
170792220,11.91
170794929,14.500000000000002
170795165,14.500000000000002
170802656,14.500000000000002
170802789,33.71
170803431,16.528000000000002
170804090,14.500000000000002
180000010,14.77
180000176,24.706
180000200,13.81
180000283,20.42
180000333,23.552000000000003
180000358,1.572
180000382,16.220000000000002
180000598,15.016000000000002
180003287,14.77
180003345,13.81
180003386,20.42
180004145,3.46
180004533,14.758
180005662,14.500000000000002
180005811,14.500000000000002
180005829,14.499999999999998
180006397,14.500000000000002
180007825,16.478
180008278,19.85
180009490,11.680000000000001
190000018,13.81
190000026,16.62
190000034,43.62
190000091,11.47
190000117,26.084
190000224,5.16
190000257,1.114
190002493,16.62
190005140,32.554
190005165,14.831999999999997
190005694,20.380000000000003
190009985,32.452000000000005
190010512,14.500000000000002
190010553,14.499999999999998
190010629,14.154
190010892,16.62
190011197,16.62
190011601,13.81
190012476,26.735999999999997
210001483,14.500000000000002
210001889,14.500000000000002
210001939,14.500000000000002
210003059,22.054000000000002
210005559,15.252
210007399,15.292
210010443,14.991999999999999
210010484,24.984
210011847,2.94
210012670,1.38
210013157,20.6
210780144,15.508000000000003
210780276,15.678
210780292,15.508000000000003
210780425,18.038
210780789,5.28
210986089,12.22
210986329,19.644
210986360,14.500000000000002
210986741,32.022000000000006
210987046,29.847999999999995
210987558,12.22
210987574,14.33
210987582,18.4
210987590,14.33
210987616,14.33
210987632,19.25
210987640,12.657999999999996
210987657,14.33
210987665,22.55
210987673,22.55
210987681,22.55
210987699,20.6
210987731,5.7620000000000005
210987939,19.25
220000012,15.86
220000095,18.53
220000111,1.9
220000194,17.16
220000210,24.492
220000236,6.338000000000002
220000319,18.368000000000002
220000327,17.81
220000343,12.5
220000368,22.26
220000467,15.396
220000475,15.77
220000483,17.16
220000541,22.12
220000566,66.25
220000574,66.25
220000590,13.330000000000002
220001259,26.0
220005599,2.55
220006423,22.12
220012751,14.758
220012884,22.26
220013106,6.343999999999999
220013130,6.343999999999999
220013155,6.343999999999999
220014138,24.256000000000004
220014708,14.991999999999999
220016778,6.343999999999999
220019061,15.86
220019558,5.664000000000001
220019616,14.153999999999996
220019848,6.343999999999999
220020101,15.86
220020119,15.86
220020341,14.153999999999996
220020507,6.343999999999999
220020697,20.208000000000002
220021976,6.343999999999999
220022149,15.86
220022800,4.79
230000259,19.26
230000820,19.26
230000838,22.63
230000846,48.33
230000853,0.0
230000952,24.528000000000002
230000960,24.528
230003576,14.500000000000002
230004657,22.63
230780082,13.654000000000002
230780157,1.25
230780181,17.814
230782617,15.508000000000003
240000091,18.488
240000174,40.14
240000190,4.37
240000208,1.38
240000216,0.39
240000273,31.914
240000307,29.847999999999995
240000372,13.959999999999999
240000414,15.14
240000455,36.23
240000463,3.89
240000471,34.51
240000489,15.25
240000505,58.37
240000513,33.208
240000521,58.37
240000539,58.37
240000646,13.052000000000001
240000661,32.006
240000687,16.0
240002402,16.528000000000002
240002691,14.500000000000002
240002725,14.500000000000002
240003293,14.500000000000002
240003301,14.500000000000002
240006734,20.0
240008318,31.178
240011668,24.573999999999998
240013219,14.500000000000002
240013466,14.500000000000002
250000023,8.99
250000270,1.5
250000288,15.896
250000544,15.508000000000003
250000619,8.48
250000627,27.919999999999998
250000635,27.140000000000004
250000700,8.48
250000718,24.492
250000726,38.64
250000734,8.48
250000759,16.296000000000003
250000882,16.292
250001237,31.445999999999994
250001252,26.652000000000005
250004009,15.57
250005196,13.017999999999999
250006954,8.99
250007234,8.48
250011848,1.23
250012069,23.762
250012838,27.826000000000004
250013448,14.500000000000002
250014008,18.826
250015526,14.500000000000002
250015534,14.500000000000002
250016003,13.712000000000002
250016037,19.85
250016045,14.153999999999996
260000013,9.86
260000120,12.52
260000138,11.58
260000146,13.98
260000153,29.847999999999995
260000195,55.508
260000203,12.52
260000229,11.58
260000237,45.65
260000260,2.18
260000278,48.12
260000286,25.53
260000302,12.824
260000682,15.508
260000823,13.88
260001631,24.984
260003017,0.63
260003157,20.208000000000002
260003215,28.156000000000002
260005277,14.758
260006267,1.3
260006820,14.500000000000002
260006838,14.500000000000002
260010418,14.500000000000002
260012760,14.500000000000002
260016993,14.500000000000002
260017454,15.678
260020078,12.17
270000045,13.450000000000001
270000326,3.1
270000342,15.896000000000004
270000359,13.38
270000367,10.38
270000391,13.309999999999999
270000417,28.174
270000425,23.97
270000433,32.454
270000441,41.63
270000458,13.38
270000474,38.342
270000482,33.208
270000516,17.598000000000003
270000573,25.562
270000862,1.19
270000870,23.562
270000896,15.546000000000001
270000912,14.748
270016058,14.153999999999996
270017338,14.500000000000002
270017379,14.500000000000002
270017429,14.500000000000002
270017478,14.500000000000002
270021439,20.208000000000002
270025984,18.79
270026107,13.38
270027279,18.132
270029416,23.97
280000043,13.76
280000050,18.528
280000084,16.74
280000100,45.09
280000266,15.508000000000003
280000431,15.508000000000003
280000449,15.659999999999998
280000662,20.8
280000696,13.76
280001678,14.153999999999996
280006594,14.500000000000002
280007121,13.618000000000002
280007261,13.712000000000002
280007295,12.420000000000002
280502741,8.156
280502998,16.9
280503848,14.500000000000002
280504267,13.76
280504309,14.500000000000002
280504689,0.0
280505223,16.562
280505264,32.022000000000006
280505777,2.56
280506015,14.991999999999999
290000025,13.129999999999999
290000033,19.85
290000058,13.9
290000066,13.129999999999999
290000140,3.1
290000165,14.991999999999999
290000173,17.21
290000181,19.93
290000207,2.432
290000215,1.67
290000256,13.9
290000272,58.11000000000001
290000322,41.05
290000363,18.79
290000371,14.748
290000389,58.379999999999995
290000413,15.406
290000553,19.85
290000686,29.848000000000003
290000728,18.697999999999997
290000736,19.026
290000744,16.22
290000785,21.078000000000003
290000819,14.991999999999999
290000827,14.748
290000850,11.328000000000001
290000918,13.938
290000934,14.070000000000002
290000975,12.668
290000983,15.406000000000002
290001015,0.63
290002344,22.25
290003953,16.528000000000002
290003995,14.070000000000002
290004142,3.02
290004324,13.9
290004340,13.9
290004365,13.9
290005131,6.343999999999999
290005172,6.343999999999999
290005230,6.343999999999999
290007905,36.50600000000001
290008853,19.93
290014687,14.070000000000002
290017946,13.9
290018555,6.343999999999999
290018563,6.343999999999999
290019777,3.4000000000000004
290021070,6.343999999999999
290023431,1.23
290023498,13.28
290023779,6.343999999999999
290023787,6.343999999999999
290023795,6.343999999999999
290024462,14.264000000000001
290025113,13.129999999999999
290025147,13.129999999999999
290025337,6.343999999999999
290028539,6.343999999999999
290029669,4.984000000000001
290029982,13.129999999999999
290030808,6.343999999999999
290032028,4.984000000000001
290032655,6.343999999999999
290032838,14.153999999999996
290034610,14.070000000000002
290036375,17.113999999999997
290036466,14.991999999999999
290036474,14.991999999999999
290036706,15.678
2A0000022,11.13
2A0000030,15.508000000000003
2A0000139,2.75
2A0000154,5.76
2A0000212,37.62
2A0000261,35.884
2A0000287,9.11
2A0001988,24.573999999999998
2A0002051,14.924000000000001
2A0002614,39.87
2A0003125,11.13
2A0003133,11.13
2A0003141,11.13
2A0003174,14.500000000000002
2A0022554,23.309999999999995
2A0023271,11.13
2B0000012,14.82
2B0000038,34.05
2B0000079,0.0
2B0000145,1.56
2B0000392,6.710000000000001
2B0000400,33.208
2B0001739,23.762
2B0003016,17.237999999999996
2B0003099,18.052
2B0003289,25.807999999999996
2B0003420,14.82
2B0003917,13.017999999999999
2B0004071,14.500000000000002
2B0004089,14.82
2B0004113,17.814
2B0004212,14.500000000000002
2B0004584,14.500000000000002
2B0004907,14.82
2B0005359,11.5
2B0005409,14.82
2B0005664,0.0
2B0005797,14.500000000000002
300000023,19.09
300000031,12.97
300000049,31.396
300000056,24.72
300000064,47.37
300000072,24.86
300000080,12.943999999999999
300000296,14.758
300000387,13.018
300000478,58.75
300002128,18.038
300002169,33.208
300002508,0.0
300007119,5.664000000000001
300007168,6.343999999999999
300008588,24.984
300008638,14.500000000000002
300012309,27.826000000000004
300012358,22.25
300012481,19.09
300012499,19.09
300013745,27.826000000000004
300013778,26.314000000000004
300014040,15.406000000000002
300014446,13.803999999999998
300017209,23.79
300017423,15.406000000000002
300017431,5.664000000000001
300017498,2.4859999999999998
300780111,23.160000000000004
300780137,5.79
300780152,4.94
300780210,18.79
300780244,18.05
300780251,17.69
300780269,18.79
300780285,16.528000000000002
300780384,14.758
300780442,32.022000000000006
300780491,16.528000000000002
300781424,16.996000000000002
300781440,22.032
300781465,1.14
300782117,13.4
300782125,13.4
300782141,13.4
300786274,14.991999999999999
300787421,5.664000000000001
300788502,2.13
310000013,11.772
310000310,17.22
310000336,18.622
310000369,13.938
310005459,14.153999999999996
310006473,14.500000000000002
310006481,14.500000000000002
310009279,17.22
310011838,6.343999999999999
310013628,66.21
310014329,38.135999999999996
310016977,9.94
310018650,14.758
310018684,14.500000000000002
310019351,9.94
310020169,14.500000000000002
310020938,16.528000000000002
310021571,67.11
310022298,9.94
310022330,14.500000000000002
310023007,16.939999999999998
310025333,9.94
310026083,1.21
310026612,14.500000000000002
310026919,14.500000000000002
310026927,3.18
310780119,18.79
310780143,19.251999999999995
310780150,0.79
310780234,16.528000000000002
310780259,8.05
310780283,3.33
310780358,18.79
310780366,15.39
310780374,15.154
310780382,4.48
310780390,19.174000000000003
310780481,15.406000000000002
310781000,5.58
310781067,7.4460000000000015
310781125,19.362000000000002
310781133,18.343999999999998
310781141,18.792
310781158,17.81
310781174,19.75
310781422,15.508
310781430,14.758
310781505,6.77
310781695,19.22
310781984,15.453999999999999
310782016,28.91
310782065,12.008000000000001
310782339,9.94
310782347,3.256
310782396,14.657999999999998
310782446,14.758
310783048,9.94
310783055,9.94
310783063,9.94
310783097,13.017999999999999
310784558,15.634
310784830,16.555999999999997
310786389,57.47
310786702,16.64
310787965,13.712000000000002
310790472,15.498000000000001
310792635,15.396
310792874,14.991999999999999
310793401,14.500000000000002
310793419,14.500000000000002
310793435,14.500000000000002
310793542,14.500000000000002
310793559,14.500000000000002
310793567,14.500000000000002
310793575,14.500000000000002
310793807,14.500000000000002
310793849,14.500000000000002
310794094,14.298
310794417,0.0
310794524,14.500000000000002
310794532,14.500000000000002
310795463,18.594
310796768,14.500000000000002
310796776,14.500000000000002
310797527,20.208000000000002
320000086,21.1
320000094,20.075999999999997
320000102,15.46
320000110,51.45
320000128,50.0
320000144,71.28
320000151,40.99
320000169,33.208
320000177,57.09
320000185,14.216000000000001
320000680,14.500000000000002
320001050,14.500000000000002
320001688,14.500000000000002
320004328,20.356
320004872,14.500000000000002
320004922,21.1
320780067,2.1
320780109,18.05
320780323,14.924000000000001
320784333,19.396
320784515,14.500000000000002
320785587,14.500000000000002
330000217,13.200000000000001
330000332,4.784
330000340,3.614
330000431,15.926
330000555,15.4
330000571,12.26
330000589,15.78
330000597,15.78
330000605,13.949999999999998
330000613,39.11
330000639,18.043999999999997
330000647,13.938
330000662,3.6719999999999997
330000779,14.758
330005182,32.554
330007410,14.500000000000002
330007436,14.500000000000002
330007550,14.500000000000002
330007584,14.500000000000002
330007634,14.500000000000002
330007642,14.500000000000002
330007667,14.500000000000002
330007683,14.500000000000002
330007725,14.500000000000002
330008012,14.500000000000002
330017989,22.492
330024639,14.500000000000002
330024928,14.748
330025958,14.153999999999996
330051608,14.500000000000002
330054453,14.500000000000002
330054461,14.500000000000002
330056227,14.500000000000002
330056516,14.500000000000002
330056680,14.500000000000002
330057654,14.748
330058058,14.500000000000002
330058355,13.949999999999998
330058504,13.017999999999999
330059106,13.712000000000002
330060658,0.4099999999999999
330780040,0.73
330780081,5.48
330780115,1.67
330780206,2.21
330780255,0.59
330780263,4.08
330780271,0.56
330780289,13.017999999999999
330780297,18.594
330780313,17.237999999999996
330780321,18.951999999999995
330780354,67.95
330780370,10.129999999999999
330780446,20.0
330780453,20.0
330780461,12.008000000000001
330780479,6.2
330780487,0.0
330780495,12.290000000000001
330780503,2.0
330780511,2.59
330780529,8.904
330780537,6.196
330780560,29.847999999999995
330780636,14.758
330780719,29.847999999999995
330780743,29.847999999999995
330780750,14.748
330780768,13.332000000000003
330780776,19.15
330781121,15.545999999999998
330781139,10.129999999999999
330781154,15.678
330781170,14.807999999999998
330781188,13.018
330781303,7.814
330781337,10.35
330781352,10.35
330781360,10.35
330781402,2.14
330781626,15.857999999999999
330782350,13.017999999999999
330782582,3.63
330783374,100.0
330783614,14.758
330783648,10.35
330783721,13.949999999999998
330783960,13.017999999999999
330795295,14.500000000000002
330795303,14.500000000000002
330802364,14.500000000000002
330802752,10.35
330802778,16.528000000000002
330804501,51.55
340000025,12.27
340000033,15.25
340000173,36.98
340000181,38.342
340000207,3.382
340000215,49.42
340000223,18.96
340000231,56.97
340000249,56.85
340000439,15.368
340001064,15.542
340008176,33.4
340008275,12.09
340009018,16.906000000000002
340009539,8.156
340009885,2.67
340010149,18.593999999999998
340013119,0.0
340013168,2.4920000000000004
340013218,6.343999999999999
340013259,6.343999999999999
340013309,6.343999999999999
340013358,6.343999999999999
340013499,6.343999999999999
340015502,7.71
340015965,4.82
340015999,25.664
340016005,14.500000000000002
340016476,27.014000000000003
340016732,15.25
340017292,14.500000000000002
340017771,15.25
340017839,27.826000000000004
340017847,27.826000000000004
340019090,15.508000000000003
340019603,6.343999999999999
340020221,6.343999999999999
340020445,20.208000000000002
340021211,15.25
340022763,12.09
340022771,12.09
340022979,2.05
340023142,14.500000000000002
340024512,16.398
340025279,12.09
340027739,12.09
340780121,18.79
340780139,0.35
340780147,16.97
340780154,6.3
340780196,15.508000000000003
340780212,14.748
340780220,15.678
340780253,32.022
340780436,18.96
340780444,28.389999999999997
340780485,12.09
340780568,7.690000000000001
340780634,4.077999999999999
340780642,3.6020000000000003
340780667,9.68
340780675,4.02
340780717,8.15
340780725,0.58
340780741,1.44
340780758,17.156000000000002
340780766,17.69
340780782,17.69
340780790,17.814
340780816,22.25
340780824,32.022
340780840,25.664
340780857,15.367999999999999
340780931,17.468
340781608,32.806000000000004
340782002,15.144000000000002
340782036,12.09
340782085,12.09
340782481,12.09
340785161,12.09
340787266,18.96
340789981,16.528000000000002
340796051,18.96
340796093,15.508000000000003
340796663,12.09
340797596,20.882000000000005
340798511,9.703999999999999
340798552,21.548000000000002
350000063,47.768
350000071,24.3
350000121,4.3
350000139,2.568
350000147,17.46
350000154,16.91
350000162,15.939999999999998
350000188,13.05
350000196,1.04
350000204,40.69
350000212,45.65
350000337,13.366
350000360,35.31
350000410,59.160000000000004
350000428,32.22200000000001
350000436,47.524
350000444,35.31
350000451,33.208
350000741,11.99
350002119,18.792
350002176,17.81
350002192,5.042
350002200,24.196
350002234,13.44
350002564,14.748
350002747,13.712000000000002
350002754,13.018
350002804,5.664000000000001
350002812,3.2639999999999993
350002911,23.552
350005021,26.094000000000005
350005146,4.52
350005278,14.684
350006771,11.99
350007084,11.99
350008579,15.12
350013629,17.46
350016135,13.05
350030763,6.343999999999999
350032280,13.322000000000001
350032934,0.0
350036299,19.168000000000003
350039574,14.758
350040044,2.4920000000000004
350040499,13.87
350041059,6.343999999999999
350042131,6.343999999999999
350042602,6.343999999999999
350042628,14.153999999999996
350044756,30.287999999999997
350044764,9.704
350044772,14.153999999999996
350046751,6.343999999999999
350053013,11.99
360000038,32.75
360000129,1.33
360000137,14.070000000000002
360000145,35.39
360000160,14.070000000000002
360000178,40.571999999999996
360000186,15.480000000000002
360000202,20.337999999999997
360000210,18.593999999999998
360000251,19.490000000000002
360000962,14.500000000000002
360002133,0.0
360002232,15.660000000000002
360003149,14.070000000000002
360004618,32.75
360006688,29.29
360008056,14.070000000000002
360008072,14.070000000000002
370000051,1.9380000000000002
370000085,4.04
370000093,6.81
370000127,17.24
370000143,18.593999999999998
370000150,12.656
370000184,32.076
370000218,15.508000000000003
370000341,24.366000000000003
370000374,15.508000000000003
370000499,10.4
370000515,10.4
370000531,17.26
370000580,11.89
370000861,10.4
370000879,11.89
370000903,13.5
370000986,29.847999999999995
370001109,0.0
370001158,44.65
370002040,8.835999999999999
370004301,13.5
370004467,10.4
370005050,10.4
370007569,4.44
370009938,14.153999999999996
370013062,18.471999999999998
370013286,8.262
370013393,10.4
370013401,10.4
370013450,9.704
370100539,15.378000000000002
370100885,14.500000000000002
370102659,19.52
370102832,14.500000000000002
370103152,14.500000000000002
370103673,14.153999999999996
370104002,14.500000000000002
370104572,14.500000000000002
370104804,14.500000000000002
380000018,22.79
380000026,28.99
380000034,16.64
380000042,30.79
380000059,56.89000000000001
380000067,12.9
380000075,16.292
380000091,31.930000000000003
380000109,55.50000000000001
380000125,33.208
380000133,18.043999999999997
380000166,12.610000000000001
380000174,16.8
380000356,23.577999999999996
380000364,33.208
380000406,14.772000000000002
380000729,14.500000000000002
380000828,24.984
380000968,24.984
380005868,29.847999999999995
380005918,14.658000000000001
380009928,14.748
380012658,4.231999999999999
380013037,0.0
380017095,15.546000000000001
380019026,14.500000000000002
380019752,12.9
380019760,12.9
380020123,5.18
380020388,19.924000000000003
380021071,12.9
380780197,1.48
380780288,0.88
380780296,17.738
380780312,13.44
380780379,29.847999999999995
380781138,29.847999999999995
380781369,29.847999999999995
380782722,12.9
380784462,13.017999999999999
380784801,29.516000000000002
380785840,16.64
380785956,3.02
380786442,2.47
380793810,8.156
380794297,25.562000000000005
380795773,14.758
380797217,14.500000000000002
380798520,16.64
380802512,28.506000000000004
380803965,24.984
390000040,14.23
390000057,28.62
390000065,11.51
390000073,14.657999999999998
390000081,14.280000000000001
390000164,13.938
390000172,16.528000000000002
390000214,14.23
390000222,16.98
390004349,14.153999999999996
390005742,14.23
390006161,14.23
390780369,14.991999999999999
390780559,0.57
390780575,2.5
390781193,51.94799999999999
390784833,16.98
390786408,14.500000000000002
400000105,15.17
400000113,15.12
400000139,15.12
400000147,18.92
400000261,26.756000000000007
400006607,15.12
400006730,14.500000000000002
400007043,14.500000000000002
400007332,14.500000000000002
400008199,14.153999999999996
400010906,14.500000000000002
400011201,14.500000000000002
400011383,15.17
400011391,15.17
400012506,15.12
400012514,15.12
400012522,15.12
400014072,13.017999999999999
400780102,16.528000000000002
400780250,15.12
400780342,0.0
400780359,1.54
400780367,16.220000000000002
400780375,17.074
400780383,22.555999999999997
400780425,32.022
400780466,20.392000000000003
400780482,29.278
400780888,14.154
400781043,15.17
400782769,8.918000000000001
400782777,15.17
400787354,15.17
400789715,14.500000000000002
400791018,15.378000000000002
410000020,15.729999999999999
410000038,35.5
410000046,15.49
410000053,47.21
410000202,4.71
410000210,14.216000000000001
410000244,33.208
410000277,18.79
410000293,17.24
410000418,14.748
410000442,15.508000000000003
410000475,17.338
410003768,35.5
410004063,35.5
410004998,4.62
410005003,14.153999999999996
410005011,14.500000000000002
410005284,16.434
410005391,16.023999999999997
410005953,14.500000000000002
410007371,20.208000000000002
410007553,24.984
420000010,18.05
420000028,13.896000000000003
420000036,33.208
420000192,51.024
420000226,11.24
420000234,14.27
420000242,12.842000000000002
420000267,11.24
420000275,24.733999999999998
420000283,29.676000000000002
420000317,48.211999999999996
420000556,14.216000000000001
420002479,14.154
420002677,23.398
420009599,16.43
420010050,3.6020000000000003
420010241,10.219999999999999
420010258,14.154
420011413,4.5
420011512,14.748
420011603,14.500000000000002
420011728,14.684
420012536,24.984
420014110,13.506
420014623,14.500000000000002
420780504,2.1
420780546,21.756000000000004
420780637,16.43
420780678,16.43
420780744,33.208
420781767,18.05
420782096,16.926000000000002
420782310,3.74
420782559,12.17
420782567,12.17
420782591,0.0
420783102,18.038
420784845,18.05
420785354,12.17
420786808,14.500000000000002
420787525,14.500000000000002
420788440,14.441999999999998
420788689,14.500000000000002
420789067,32.146
420789968,8.156
420790081,17.69
420793697,32.022
430000026,12.943999999999999
430000109,2.51
430000117,11.92
430000141,24.150000000000006
430000158,32.022000000000006
430000166,19.3
430000182,33.208
430000190,21.99
430000216,29.847999999999995
430000299,40.32
430000307,47.95
430000356,53.01
430003475,14.500000000000002
430004309,14.500000000000002
430004358,14.500000000000002
430004408,14.500000000000002
430007419,20.424000000000003
430007450,0.16
440000016,14.36
440000024,14.750000000000002
440000180,15.491999999999999
440000255,15.508000000000003
440000271,10.74
440000396,12.810000000000002
440000404,2.55
440000412,4.16
440000453,10.74
440000487,2.74
440000503,16.29
440000552,28.96
440000560,16.37
440000644,23.552
440000651,2.6
440000677,16.29
440000693,12.738
440000701,16.528000000000002
440000719,15.406000000000002
440000800,19.15
440000883,28.96
440001113,3.382
440001253,57.830000000000005
440001261,57.830000000000005
440001279,52.25999999999999
440001287,52.25999999999999
440001295,17.720000000000002
440001964,23.918
440001972,15.277999999999997
440002020,2.31
440002459,15.508000000000003
440002939,14.264
440003291,10.74
440003390,16.220000000000002
440005080,9.516
440007482,18.134
440007607,14.36
440012128,14.153999999999996
440017440,14.36
440017598,10.74
440018729,17.468
440021202,16.37
440021392,10.74
440024669,16.528000000000002
440024982,1.852
440027589,14.500000000000002
440029338,2.306
440029379,0.4099999999999999
440032399,52.25999999999999
440033819,1.35
440036176,14.500000000000002
440036218,14.500000000000002
440036473,14.500000000000002
440036499,24.984
440039568,6.343999999999999
440041580,6.66
440042513,14.500000000000002
440043123,16.528000000000002
440044451,29.847999999999995
440046944,16.023999999999997
440048676,16.023999999999997
440048700,9.572
440048718,0.0
440050433,3.2640000000000002
440050441,31.328
440050458,10.74
440050466,10.74
440053007,10.74
440053387,14.657999999999998
440055770,22.492
450000047,13.36
450000062,15.71
450000070,26.230000000000004
450000120,72.46
450000187,39.449999999999996
450000211,22.09
450000237,1.852
450000245,3.42
450000252,18.471999999999998
450000260,57.82
450000286,15.678
450000294,16.35
450000336,46.056
450000526,15.508000000000003
450000930,18.043999999999997
450002456,15.857999999999999
450002613,12.86
450010079,1.9
450010442,12.86
450011507,18.038
450011549,14.500000000000002
450012935,0.0
450012968,0.6
450013081,22.82
450013818,6.343999999999999
450014956,29.847999999999995
450015144,29.847999999999995
450017694,14.500000000000002
450018395,14.500000000000002
450018460,0.0
450018528,14.153999999999996
450018536,19.849999999999998
450018924,18.05
450019336,20.208000000000002
450019799,15.71
450020698,14.500000000000002
460000045,16.4
460000052,27.71
460000060,14.748
460000102,15.2
460000110,12.630000000000003
460000227,54.22
460004641,14.500000000000002
460006075,16.561999999999998
460006083,15.906
460006109,16.4
460006349,22.032
460780042,19.726
460785090,28.598
460785595,12.630000000000003
460785900,15.241999999999999
460786346,14.500000000000002
460786353,14.500000000000002
460786478,14.500000000000002
470000027,5.51
470000159,10.428
470000175,29.848000000000003
470000308,15.406000000000002
470000423,15.13
470000431,13.33
470000480,15.42
470000522,15.13
470000530,41.494
470000548,15.896
470000555,15.42
470000563,1.16
470000571,66.53
470001868,14.500000000000002
470002262,14.500000000000002
470002320,14.500000000000002
470002346,14.500000000000002
470002361,14.500000000000002
470002387,14.500000000000002
470002403,14.500000000000002
470002411,14.500000000000002
470002627,36.506
470003062,31.575999999999997
470008780,15.13
470009358,19.849999999999998
470010349,9.704
470010364,22.392000000000003
470012931,15.42
470013558,14.500000000000002
470016049,2.256
470016205,15.13
480000017,10.39
480000033,47.32
480000041,38.86
480000058,13.052000000000001
480000066,32.55
480000074,38.95
480000793,33.208
480000835,22.348
480001403,6.343999999999999
480001783,6.343999999999999
480001825,27.826000000000004
480002948,10.39
480780212,32.076
480780279,10.39
480780287,20.392000000000003
480780543,33.208
480783034,16.023999999999997
490000049,10.92
490000106,24.222
490000155,3.382
490000239,40.65
490000247,14.596
490000254,40.65
490000262,3.4899999999999998
490000296,12.810000000000002
490000312,14.153999999999996
490000320,55.14
490000338,53.0
490000353,15.152000000000001
490000494,38.342
490000569,16.29
490000601,16.196
490000635,11.76
490000643,29.848000000000003
490000650,49.02
490000700,51.326
490000817,31.898000000000003
490001765,14.12
490001831,49.02
490002037,4.24
490002979,17.69
490004256,52.279999999999994
490007499,20.0
490007549,13.712000000000002
490007929,2.18
490008224,14.500000000000002
490008604,30.823999999999995
490009008,4.984000000000001
490009248,29.847999999999995
490011350,14.500000000000002
490014909,2.99
490015906,0.61
490016235,14.500000000000002
490016334,14.153999999999996
490016870,14.153999999999996
490017613,6.343999999999999
490018769,13.712000000000002
490018777,13.712000000000002
490018785,13.712000000000002
490020245,11.37
490020344,13.712000000000002
490529005,10.92
490531910,16.694
490534922,15.857999999999999
490537818,0.0
490540440,0.0
490543675,15.406000000000002
500000021,17.04
500000146,2.57
500000187,18.29
500000195,45.89
500000203,1.31
500000229,14.748
500000260,17.04
500000278,28.285999999999998
500000302,27.99
500000401,1.27
500000419,16.926000000000002
500000427,30.26
500000435,19.726000000000003
500000450,14.030000000000001
500000468,18.29
500000476,28.186
500000575,6.424
500000591,31.69
500002357,1.18
500010384,24.222
500012687,16.528000000000002
500012968,31.575999999999997
500021274,28.360000000000003
500021282,28.360000000000003
500021316,6.343999999999999
500021373,14.500000000000002
500021381,14.500000000000002
500021399,14.500000000000002
500021415,14.500000000000002
500021423,14.750000000000002
500021449,15.252
500021944,4.528
510000169,12.27
510000177,20.63
510000185,5.29
510000201,33.208
510000219,3.7700000000000005
510000235,19.66
510000243,2.09
510000250,24.87
510000284,17.237999999999996
510000292,15.508000000000003
510000359,14.732000000000003
510000466,49.26
510000516,3.382
510000813,13.017999999999999
510002298,19.849999999999998
510002447,12.05
510002454,12.05
510002470,12.05
510004302,12.05
510009491,8.156
510010184,14.500000000000002
510010754,14.500000000000002
510011463,14.500000000000002
510011679,12.05
510012040,6.35
510017098,19.66
510019979,26.314000000000004
510020548,18.305999999999997
510022908,4.528
510023914,12.27
510023922,20.63
510024359,15.508
510024466,23.552000000000003
510024490,15.252
510024979,3.46
510025091,3.7700000000000005
520000019,7.589999999999999
520000027,12.11
520000035,35.71
520000043,20.04
520000050,72.04
520000068,14.76
520000076,12.122
520000084,53.398
520000753,14.500000000000002
520003823,18.305999999999997
520004052,14.500000000000002
520004680,8.262
520004714,8.262
520004847,20.208000000000002
520780156,0.0
520780180,1.58
520780214,23.69
520782939,12.11
530000017,11.37
530000124,18.05
530000132,44.99
530000140,37.74
530000165,42.19
530000173,11.41
530000181,44.99
530000264,14.89
530000611,14.279999999999998
530002898,24.984
530005628,14.99
530006188,14.500000000000002
530008119,14.500000000000002
530008671,14.89
530008788,14.500000000000002
530031384,11.41
530031509,23.562
530031962,3.32
530032788,11.37
540000015,12.53
540000023,12.79
540000072,20.19
540000148,22.628000000000004
540000155,16.06
540000163,12.53
540000270,22.628000000000004
540000288,23.599999999999998
540000296,28.35
540000312,14.554
540000361,1.12
540000395,18.638000000000005
540000445,3.9019999999999997
540000452,3.07
540000478,3.42
540000486,4.826
540000585,13.332000000000003
540000668,23.552
540000726,33.208
540000858,39.449999999999996
540000973,14.991999999999999
540000981,24.984
540001070,19.27
540001096,14.562
540001104,24.022000000000002
540001138,12.53
540001286,3.382
540002698,12.53
540003043,12.53
540005196,29.847999999999995
540006459,12.53
540006665,19.486
540006830,19.27
540008364,12.79
540008380,28.156000000000002
540009412,15.508000000000003
540009701,16.528000000000002
540009859,25.875999999999998
540010568,14.153999999999996
540013224,1.1
540013232,12.53
540013737,15.508
540014073,0.0
540020146,15.508
540022811,12.53
540022837,15.678
540023256,12.728
540023744,14.500000000000002
540025046,26.314000000000004
550000012,15.040000000000001
550000038,49.77
550000178,1.71
550000186,15.040000000000001
550000202,15.040000000000001
550000251,21.136
550000434,13.420000000000002
550002885,14.500000000000002
550003362,15.040000000000001
550003370,15.040000000000001
550005219,14.500000000000002
560000127,15.909999999999998
560000135,14.070000000000002
560000143,17.16
560000184,13.336
560000192,14.529999999999998
560000200,15.909999999999998
560000242,18.134
560000275,14.070000000000002
560000291,17.51
560000366,9.5
560000382,13.419999999999998
560000390,28.06799999999999
560000424,14.666
560000465,14.070000000000002
560000473,15.939999999999998
560000499,33.208
560000697,13.938
560002024,14.748
560002081,19.026
560002123,17.814
560002685,18.368000000000002
560002933,2.704
560002974,40.76
560003006,31.565999999999992
560003055,12.656000000000002
560003980,14.070000000000002
560004004,6.343999999999999
560004277,13.018
560006348,6.343999999999999
560006991,14.758
560007510,1.48
560008799,2.48
560009490,6.343999999999999
560009508,6.343999999999999
560009524,6.343999999999999
560010092,13.620000000000001
560012122,14.562
560014078,6.343999999999999
560014128,6.343999999999999
560014219,17.16
560015422,14.070000000000002
560018038,20.208000000000002
560018509,14.154
560022188,15.57
560023152,24.984
560023228,11.680000000000001
560023848,4.984000000000001
560027377,28.695999999999998
560027641,17.044
560029068,4.5520000000000005
570000026,39.17
570000059,14.71
570000083,0.84
570000091,16.296
570000109,15.026
570000117,19.03
570000166,12.909999999999998
570000216,6.379999999999999
570000281,13.87
570000349,13.87
570000356,1.1
570000364,0.22999999999999998
570000380,14.748
570000448,23.552
570000455,54.37399999999999
570000562,18.637999999999998
570000596,28.566000000000003
570000646,3.99
570000661,11.78
570000687,14.71
570000794,15.434000000000001
570000828,25.552000000000003
570000885,18.2
570000893,2.29
570000901,11.78
570000950,30.511999999999993
570000968,79.6
570000992,38.35
570001016,3.3100000000000005
570001057,4.260000000000001
570001099,14.94
570002287,18.05
570003079,18.637999999999998
570003103,15.508000000000003
570003947,19.28
570004002,14.500000000000002
570005215,13.87
570009670,33.008
570010082,24.984
570010181,14.758
570011635,14.500000000000002
570012369,18.51
570012633,15.406000000000002
570015248,11.680000000000001
570015636,14.500000000000002
570015750,13.87
570015776,12.862
570022830,14.500000000000002
570023309,18.038000000000004
570026252,6.837999999999999
570026575,13.87
570026682,13.87
570027029,14.500000000000002
570027045,14.500000000000002
570027680,14.499999999999998
580001899,25.808000000000003
580004588,14.500000000000002
580004638,14.500000000000002
580004836,18.69
580006286,29.278000000000002
580780138,1.49
580780187,13.896000000000003
580780203,15.526
580780237,18.048000000000002
580971349,25.47
580972008,15.396
580972560,20.208000000000002
580972610,73.65
580972628,18.69
580972636,12.943999999999999
580972644,71.98
580972651,56.49000000000001
580972669,35.67
580972677,27.779999999999998
580972685,21.53
580972693,18.69
580972701,15.514
580972719,11.610000000000001
590000014,9.18
590000097,15.536
590000105,9.42
590000113,29.57
590000121,11.81
590000188,3.382
590000337,13.28
590000428,18.08
590000436,11.9
590000444,22.628000000000004
590000451,14.801999999999998
590000469,21.68
590000477,54.16
590000527,31.240000000000002
590000535,19.07
590000543,6.99
590000592,14.88
590000600,53.52
590000618,14.680000000000001
590000691,10.02
590000758,12.630000000000003
590000766,59.49999999999999
590000774,7.769999999999999
590000782,13.938
590000790,24.492
590001004,13.210000000000003
590001418,18.043999999999997
590001442,14.748
590001582,23.552
590001749,25.362000000000002
590002317,13.017999999999999
590005245,18.79
590006607,9.42
590006896,1.09
590008041,7.46
590008298,20.208000000000002
590008306,14.500000000000002
590009148,19.15
590015418,14.500000000000002
590016408,16.272000000000002
590023438,14.500000000000002
590024618,14.500000000000002
590024659,14.500000000000002
590025128,19.849999999999998
590025458,7.769999999999999
590031738,14.500000000000002
590032108,19.849999999999998
590032199,19.849999999999998
590033429,11.38
590034732,15.406000000000002
590034815,14.500000000000002
590035200,14.500000000000002
590035390,14.500000000000002
590035838,14.153999999999996
590040267,15.896
590040317,14.500000000000002
590040325,14.500000000000002
590041471,14.500000000000002
590043469,19.849999999999998
590044632,11.38
590044640,14.500000000000002
590044665,13.018
590045407,9.42
590045514,14.500000000000002
590045951,14.500000000000002
590046124,16.398
590046579,14.500000000000002
590046744,14.500000000000002
590046751,14.500000000000002
590046769,14.500000000000002
590047361,14.500000000000002
590047718,9.18
590047866,14.500000000000002
590047874,14.500000000000002
590047957,11.679999999999998
590048476,14.153999999999996
590049060,18.593999999999998
590049565,44.816
590052049,19.624
590052056,2.8780000000000006
590053955,17.554000000000002
590055570,12.728
590056479,14.596
590056990,14.500000000000002
590060596,14.500000000000002
590060851,11.679999999999998
590780060,0.0
590780094,1.49
590780128,16.024
590780250,0.22
590780268,2.73
590780284,8.606
590780342,0.0
590780383,2.61
590781571,3.36
590781951,1.21
590782181,13.712000000000002
590782256,0.0
590782280,20.392000000000003
590782298,1.83
590782546,4.82
590782553,1.82
590782611,14.748
590782694,33.208
590783171,29.847999999999995
590783189,20.392000000000003
590784484,24.984
590784864,9.42
590784898,9.42
590784914,8.156
590785341,13.017999999999999
590785374,34.42
590785424,15.406
590786984,29.847999999999995
590787529,14.680000000000001
590787586,9.42
590788865,11.38
590788964,2.91
590790473,35.884
590790655,1.34
590791091,9.42
590791109,24.284
590791323,12.630000000000003
590791729,13.88
590796975,9.42
590797346,33.208
590797353,12.274
590797387,14.748
590801106,11.38
590804340,13.428
590804696,13.88
590804712,20.208000000000002
590806360,0.32
590806428,14.499999999999998
590809703,15.396
590810099,14.500000000000002
590810784,16.562
590811006,14.500000000000002
590811279,9.42
590812186,11.38
590812509,19.849999999999998
590812749,14.680000000000001
590813176,3.12
590813341,14.500000000000002
590813382,1.18
590813507,1.89
590813747,14.500000000000002
590815007,14.500000000000002
590815056,6.54
590816310,1.05
590816427,18.79
590817441,15.508
590817458,2.69
590817839,0.0
600000012,13.366
600000020,23.552
600000046,17.590000000000003
600000053,11.31
600000152,54.239999999999995
600000186,10.66
600000194,13.08
600000285,14.6
600000467,11.31
600001184,31.844
600002067,14.500000000000002
600002158,11.679999999999998
600003008,19.022
600008643,2.5120000000000005
600008734,14.500000000000002
600009054,12.895999999999999
600010094,14.328
600010102,14.6
600010862,0.29
600012330,11.679999999999998
600100101,27.014
600100168,2.0519999999999996
600100184,23.93
600100275,22.82
600100283,16.528000000000002
600100309,16.023999999999997
600100671,15.396
600100754,3.62
600100796,15.545999999999998
600100861,15.678
600101679,15.396
600101687,33.208
600101943,15.406
600105381,32.554
600107049,14.758
600107494,13.08
600107668,14.6
600109748,14.500000000000002
600110175,1.06
600110399,14.500000000000002
600111124,33.208
600112460,12.008000000000001
600113476,14.6
610000028,25.562
610000044,15.359999999999998
610000051,14.349999999999998
610000069,11.3
610000077,35.22
610000085,38.342
610000093,41.76
610000101,28.174
610000119,9.78
610004269,14.153999999999996
610005837,23.868000000000006
610006256,24.084000000000003
610006421,0.36
610006710,14.500000000000002
610006728,14.500000000000002
610006736,14.500000000000002
610006777,24.084000000000003
610007155,23.868
610007312,28.360000000000003
610008815,9.78
610780108,33.96
610780116,33.96
610780371,29.847999999999995
610780389,15.508
610784050,14.349999999999998
610784423,15.396
610788325,9.78
620000026,4.41
620000034,12.64
620000059,30.756
620000067,23.552000000000003
620000117,15.526
620000224,12.82
620000232,11.81
620000240,11.82
620000257,11.04
620000281,13.938
620000299,36.882000000000005
620000323,11.77
620000349,11.34
620000596,26.398
620000638,18.038
620000653,12.46
620001834,14.018000000000002
620002154,14.441999999999998
620003202,11.81
620003350,19.314000000000004
620003376,5.362
620003475,11.04
620003822,15.588000000000001
620003889,19.849999999999998
620006049,2.26
620009738,12.988000000000001
620010058,14.500000000000002
620010348,19.849999999999998
620010389,19.849999999999998
620011338,14.500000000000002
620012948,13.579999999999997
620013649,14.153999999999996
620018143,12.64
620018705,14.500000000000002
620020636,14.500000000000002
620024208,14.499999999999998
620024349,14.018000000000002
620025346,6.132
620025387,18.79
620025494,14.499999999999998
620026401,15.895999999999999
620026690,4.528
620026997,14.500000000000002
620027664,14.748
620030726,17.814
620031096,14.500000000000002
620032706,14.500000000000002
620033753,12.46
620033761,6.2459999999999996
620033779,12.706
620033787,14.500000000000002
620033829,12.46
620033860,13.322000000000001
620100016,19.396
620100099,1.55
620100347,16.272000000000002
620100487,6.05
620100495,12.656000000000002
620100735,6.6000000000000005
620100750,1.63
620100842,15.678
620101311,3.13
620101501,3.9700000000000006
620102954,29.847999999999995
620105940,42.98
620105973,14.900000000000002
620105981,14.153999999999996
620106088,2.556
620106203,33.208
620106625,23.068000000000005
620108357,11.81
620111195,12.64
620112656,12.64
620115170,14.500000000000002
620115410,14.500000000000002
620116046,0.0
620117309,8.156
620117325,14.500000000000002
620117606,33.208
620117812,14.500000000000002
620118513,5.13
620120063,14.500000000000002
630000016,67.15
630000131,15.678
630000149,12.738
630000404,11.46
630000412,30.15
630000420,14.980000000000002
630000438,31.42
630000446,21.25
630000479,7.354000000000001
630000487,15.406000000000002
630000560,55.71
630005668,24.984
630007698,14.500000000000002
630007748,14.500000000000002
630007789,14.500000000000002
630007839,14.500000000000002
630007888,14.500000000000002
630008118,27.014000000000003
630009546,9.248
630010296,14.154
630010510,12.646
630010528,24.573999999999998
630011211,13.712000000000002
630011823,13.712000000000002
630780179,29.847999999999995
630780195,12.943999999999999
630780211,5.23
630780310,15.508000000000003
630780369,0.37
630780401,15.415999999999999
630780526,33.208
630780559,32.168
630781268,11.46
630781417,18.593999999999998
630781433,26.398
630781755,14.957999999999998
630781771,11.46
630781821,62.44
630781839,1.55
630783348,15.508000000000003
630783538,11.46
630784742,8.156
630785756,29.847999999999995
630790384,14.719999999999999
640000162,13.9
640000402,27.02
640000410,13.600000000000001
640000428,27.87
640000436,0.0
640000600,12.89
640003836,27.183999999999997
640005302,14.500000000000002
640005310,14.500000000000002
640005336,14.500000000000002
640005393,11.680000000000001
640005591,12.646
640010518,23.600000000000005
640013298,19.849999999999998
640013520,14.500000000000002
640013553,14.500000000000002
640016580,4.31
640017224,40.23
640017646,11.38
640017679,14.500000000000002
640018206,3.44
640018255,22.731999999999996
640019220,2.018
640780185,15.508000000000003
640780268,1.42
640780334,18.951999999999995
640780409,18.593999999999998
640780490,4.21
640780557,36.222
640780581,11.914000000000001
640780607,29.847999999999995
640780623,0.0
640780631,16.528000000000002
640780649,24.462
640780672,0.0
640780714,15.545999999999998
640780748,3.01
640780755,13.9
640780904,15.545999999999998
640780938,12.509999999999998
640780946,2.42
640780987,5.46
640781175,23.798000000000002
640781225,11.34
640781308,2.41
640781332,26.344
640781365,18.792
640786281,32.554
640787149,15.514
640787156,43.13399999999999
640787172,12.728
640789426,14.52
640789624,33.208
640789640,25.664
640789699,19.85
640790150,19.396
640792305,31.178
640796736,14.500000000000002
640796835,14.500000000000002
640797155,14.500000000000002
640797296,14.500000000000002
650000045,16.886
650000052,49.39
650000060,11.59
650000078,29.847999999999995
650000417,13.35
650002579,3.93
650004799,14.154000000000002
650005044,14.500000000000002
650005606,13.35
650780141,13.35
650780182,13.35
650780323,22.576
650780398,29.847999999999995
650780679,10.24
650780729,17.468
650780737,14.596
650784218,11.59
650786668,49.39
650788573,14.500000000000002
650788599,14.500000000000002
650788607,14.500000000000002
650788615,14.500000000000002
650789308,11.680000000000001
660000084,18.02
660000092,12.943999999999999
660000142,17.81
660000167,67.34
660000605,31.396
660004953,14.500000000000002
660004961,14.500000000000002
660004979,14.500000000000002
660005166,29.848000000000003
660005182,6.343999999999999
660005190,6.343999999999999
660005208,6.343999999999999
660005216,6.343999999999999
660005687,14.500000000000002
660006172,24.573999999999998
660006305,0.9900000000000001
660007246,20.208000000000002
660007261,13.584000000000001
660008947,18.02
660009341,32.554
660009689,27.308
660010117,18.02
660010174,14.957999999999998
660010422,13.712000000000002
660780099,32.022
660780156,29.847999999999995
660780172,14.991999999999999
660780214,17.237999999999996
660780321,15.144000000000002
660780347,28.174
660780370,31.396
660780628,9.39
660780636,22.250000000000007
660780669,0.68
660780735,18.79
660780743,16.562
660780776,7.96
660780784,6.11
660780800,32.022
660780842,29.847999999999995
660781097,33.208
660781287,15.396
660781444,18.02
660790163,14.748
660790387,5.68
670000025,11.08
670000033,1.952
670000041,16.323999999999998
670000058,13.172
670000157,13.240000000000002
670000165,12.560000000000002
670000215,42.686
670000249,14.991999999999999
670000272,14.46
670000306,20.27
670000348,14.834
670000371,31.834
670000397,18.29
670000405,18.29
670000413,13.546
670000603,18.528
670002187,0.0
670002278,15.708000000000002
670005479,22.054000000000002
670008838,14.154
670013325,0.0
670013341,0.0
670013754,16.220000000000002
670013895,6.343999999999999
670014042,7.1080000000000005
670014430,24.44
670014612,12.728
670014992,23.552
670016153,31.396
670017458,29.156
670018068,1.66
670018449,13.712
670780113,11.08
670780121,15.678
670780170,3.2199999999999998
670780188,3.778
670780212,5.390000000000001
670780378,2.52
670780386,2.88
670780501,32.306
670780550,14.657999999999998
670780592,29.847999999999995
670780600,29.847999999999995
670780915,29.847999999999995
670781129,16.296
670783133,11.08
670783273,11.08
670795921,6.343999999999999
670797539,11.827999999999998
670798636,5.936
670799550,11.08
670799667,6.343999999999999
680000031,16.32
680000072,33.208
680000122,16.32
680000130,15.508000000000003
680000189,13.579999999999997
680000221,33.208
680000247,16.528000000000002
680000296,33.208
680000312,23.552
680000320,2.17
680000338,0.0
680000494,2.38
680000544,16.32
680000577,7.35
680000601,16.32
680000627,16.32
680000684,13.03
680000692,39.449999999999996
680000700,13.53
680000742,33.208
680000767,23.552
680000783,29.847999999999995
680000833,18.086000000000002
680000874,0.0
680000882,20.14
680001195,4.126
680001237,29.847999999999995
680001294,14.596
680001310,29.847999999999995
680001328,13.578000000000001
680001617,15.889999999999999
680004058,13.680000000000003
680004546,16.32
680004553,16.32
680004579,13.03
680007648,23.762
680010824,6.343999999999999
680013778,6.343999999999999
680017829,14.153999999999996
680020088,3.1880000000000006
680020096,16.32
680020427,17.026
680021565,13.712000000000002
690000013,16.22
690000021,8.82
690000039,14.216000000000001
690000047,65.14
690000054,33.208
690000062,22.532
690000088,7.412000000000001
690000096,19.384
690000245,18.380000000000003
690000310,17.036
690000336,13.620000000000005
690000401,29.57
690000427,12.34
690000575,10.66
690000583,41.82
690000591,38.24
690000617,28.398
690000625,24.95
690000633,57.00999999999999
690000773,72.24
690000880,5.7620000000000005
690001524,14.748
690002092,18.79
690004718,14.500000000000002
690007539,11.51
690010848,15.858000000000002
690019849,11.51
690022009,24.984
690022058,11.328000000000001
690022959,0.84
690023098,14.500000000000002
690023239,0.93
690023411,4.64
690024773,14.500000000000002
690025366,15.895999999999999
690029186,0.0
690030119,12.646
690030283,15.678
690030333,13.712000000000002
690030770,28.156
690031513,14.500000000000002
690036108,13.017999999999999
690040845,17.376
690041108,11.51
690041124,3.52
690041132,18.934
690041496,14.758
690041579,13.017999999999999
690042080,7.332000000000001
690043476,0.0
690044037,15.472
690044045,15.472
690044623,18.037999999999997
690780093,8.812
690780150,46.205999999999996
690780200,35.884
690780226,0.0
690780259,0.16
690780358,2.11
690780366,2.56
690780390,4.72
690780416,4.366
690780481,15.678
690780499,0.0
690780507,18.592
690780515,18.593999999999998
690780523,19.026
690780549,14.176
690780648,5.56
690780655,3.4100000000000006
690780663,1.63
690781026,14.748
690781745,14.532
690782081,13.017999999999999
690782172,17.468
690782420,14.801999999999998
690783154,11.51
690784137,11.51
690784152,11.51
690784178,11.51
690784186,11.51
690784194,11.51
690784202,11.51
690787429,11.51
690787452,11.51
690787460,10.66
690787478,11.51
690788930,14.154
690790472,15.508000000000003
690791082,1.31
690791132,30.570000000000004
690793468,6.15
690795489,14.500000000000002
690796727,12.943999999999999
690797873,57.00999999999999
690801709,27.796000000000003
690802251,10.66
690802913,27.398
690803044,14.748
690803093,15.804
690804018,14.500000000000002
690805361,6.845999999999999
690807367,2.51
700000011,30.318
700000029,10.66
700000045,15.508
700000698,19.849999999999998
700003577,14.500000000000002
700004377,13.712000000000002
700780042,16.296
700780059,10.66
700780075,24.492
700780174,1.4
700780208,10.66
700784341,19.694000000000003
700784887,15.508000000000003
710002288,16.296000000000003
710002569,14.748
710006859,1.76
710010067,16.76
710010166,14.500000000000002
710010786,18.36
710014317,20.208000000000002
710014820,17.376
710015231,17.113999999999997
710015587,18.594
710780081,15.896
710780818,17.81
710780917,4.27
710781139,14.991999999999999
710781410,2.88
710781535,15.508000000000003
710781824,1.9
710970658,14.500000000000002
710972365,16.76
710972423,16.55
710973504,14.500000000000002
710974502,14.500000000000002
710974528,14.500000000000002
710977075,15.896
710977307,28.637999999999995
710978107,54.36
710978123,44.726
710978131,46.19
710978156,40.54
710978180,56.76
710978198,46.19
710978206,33.208
710978214,23.02
710978230,5.38
710978248,18.36
710978255,59.269999999999996
710978263,13.889999999999999
710978271,13.506
710978289,16.55
710978313,23.71
710978347,12.520000000000003
720000033,11.25
720000041,13.938
720000124,41.38
720000199,3.2199999999999998
720000231,1.09
720000249,10.89
720000314,15.230000000000002
720000389,30.599999999999998
720000413,29.57
720000470,14.349999999999998
720000520,18.6
720000744,15.454
720000801,20.734
720000819,39.016
720001437,17.49
720001569,33.208
720003441,24.984
720005909,11.25
720012509,12.656
720014729,13.643999999999998
720016138,13.712000000000002
720016179,12.52
720016690,14.500000000000002
720016823,12.738
720016831,14.500000000000002
720016856,19.849999999999998
720017748,5.88
720017755,14.500000000000002
720017839,24.984
720018100,17.468
720019918,14.991999999999999
730000031,16.89
730000049,14.580000000000002
730000080,12.4
730000098,16.89
730000247,5.97
730000262,14.580000000000002
730000270,33.208
730000288,13.896000000000003
730000304,19.384
730000924,14.499999999999998
730004298,2.49
730005709,14.500000000000002
730007978,17.468
730010477,12.4
730012176,14.580000000000002
730012440,14.580000000000002
730012499,3.13
730780475,15.508000000000003
730780681,15.508000000000003
730780988,15.144000000000002
730783552,16.89
730783644,16.89
730783974,36.506
730785011,14.500000000000002
730785276,14.580000000000002
730785466,14.500000000000002
730786233,14.500000000000002
730786464,14.500000000000002
730790235,14.500000000000002
740000062,15.508000000000003
740000237,14.2
740000278,33.208
740000286,34.47
740000294,54.510000000000005
740000302,14.2
740000328,12.46
740000401,32.672
740000583,25.562
740001847,20.396
740001912,11.679999999999998
740004148,15.542
740010475,18.306
740010889,14.500000000000002
740011481,14.2
740011515,14.500000000000002
740012646,14.500000000000002
740013412,14.2
740014345,1.52
740014519,16.926000000000002
740015581,14.2
740016639,20.208000000000002
740016696,16.023999999999997
740780135,16.926000000000002
740780143,15.678
740780176,15.508000000000003
740780184,13.018
740780192,32.330000000000005
740780416,1.63
740780424,2.2
740780952,14.991999999999999
740780986,18.488
740781026,19.102
740781034,18.79
740781141,12.689999999999998
740781166,11.19
740781224,11.19
740788070,12.46
740788617,8.156
740788641,14.500000000000002
740789532,54.510000000000005
740789649,14.500000000000002
740789821,14.500000000000002
750000184,14.500000000000002
750000481,0.78
750000499,5.91
750000507,14.748
750000523,3.6199999999999997
750000549,6.379999999999999
750003378,15.508000000000003
750006538,2.45
750007528,18.038
750007668,14.354
750009318,14.499999999999998
750014128,15.678
750014169,12.656000000000002
750032229,15.896
750038739,17.018
750039448,13.924
750041543,25.75
750042459,14.153999999999996
750042830,33.208
750047128,15.414
750047318,14.499999999999998
750049561,15.896
750052037,24.492
750055287,29.772
750057028,13.797999999999998
750100018,0.04
750100042,11.13
750100075,13.18
750100083,38.55
750100091,16.19
750100109,6.849999999999999
750100125,10.79
750100166,6.64
750100208,7.340000000000001
750100216,31.592000000000002
750100232,10.99
750100273,10.07
750100299,50.77
750140022,15.054
750150013,2.554
750150088,15.896
750150104,8.196
750150146,13.200000000000001
750150187,45.054
750150237,4.418
750150252,12.986
750150260,2.554
750150286,42.834
750150344,33.448
750150377,47.901999999999994
750160012,3.382
750170102,12.770000000000001
750170128,13.017999999999999
750170243,13.018
750170268,18.038
750170490,18.038
750200024,14.500000000000002
750300014,0.02
750300071,1.2
750300089,0.35
750300097,0.0
750300121,0.9199999999999999
750300139,0.71
750300154,1.23
750300360,0.54
750300410,2.4799999999999995
750300493,2.8
750300550,0.01
750300592,0.21
750300667,0.83
750300741,0.01
750300766,6.69
750300774,0.22999999999999998
750300840,0.09
750300857,1.49
750300881,0.14
750300915,0.73
750300931,0.45999999999999996
750301137,9.76
750301145,5.69
750301160,0.62
750310013,16.823999999999998
750700015,13.712000000000002
750710782,14.758
750719361,13.018
750720674,14.758
750790164,0.0
750801441,24.69
750802316,14.758
750802985,18.037999999999997
750803447,13.55
750803454,5.61
750806226,14.154
750813016,14.758
750814824,24.984
750825184,13.330000000000002
750826141,13.018
750827214,14.758
750829053,14.500000000000002
750831067,12.008
750831166,14.500000000000002
760000018,13.850000000000001
760000026,28.958
760000034,15.056
760000042,22.93
760000059,54.67000000000001
760000133,23.552000000000003
760000141,11.61
760000158,11.61
760000166,3.382
760000174,52.49
760000182,1.49
760000190,12.764000000000003
760000356,14.55
760000364,21.64
760000372,10.22
760000380,23.552000000000003
760000398,10.22
760000463,13.309999999999999
760000620,29.847999999999995
760000802,33.208
760017079,15.545999999999998
760020529,14.153999999999996
760021329,4.89
760023671,11.61
760025312,1.09
760025619,14.500000000000002
760025668,14.500000000000002
760025718,14.500000000000002
760025809,14.500000000000002
760025858,14.500000000000002
760025908,14.500000000000002
760026088,14.500000000000002
760026138,14.500000000000002
760026252,13.850000000000001
760026674,18.792
760027292,3.3899999999999997
760028985,11.679999999999998
760028993,11.680000000000001
760029017,19.674000000000003
760034637,14.658000000000001
760035592,14.500000000000002
760035709,14.153999999999996
760780130,15.896
760780205,0.9599999999999999
760780288,13.017999999999999
760780510,2.64
760780619,2.31
760780668,0.0
760780676,33.208
760780692,14.658000000000001
760780783,1.49
760780791,3.47
760780825,2.8
760780981,15.545999999999998
760781054,15.406000000000002
760781070,14.55
760783035,28.156
760783159,1.9300000000000002
760783522,11.61
760783530,11.61
760783563,16.996
760800938,13.850000000000001
760802439,36.506
760805770,14.55
760806950,21.64
760913137,14.758
760917773,9.516
760920603,14.924000000000001
760920918,17.018
760921809,3.9
770000131,11.8
770000149,14.800000000000002
770000156,15.109999999999998
770000164,14.800000000000002
770000172,14.87
770000180,15.109999999999998
770000214,14.800000000000002
770000420,15.508
770000446,11.8
770001873,14.500000000000002
770003788,11.679999999999998
770006138,18.79
770016087,2.4920000000000004
770016160,14.500000000000002
770016467,15.508000000000003
770016475,14.153999999999996
770016491,15.508
770019032,11.8
770020055,0.0
770020477,15.672000000000002
770020949,20.208000000000002
770021186,18.258000000000003
770021251,22.054000000000002
770150027,14.713999999999999
770150043,15.508
770300010,7.41
770300135,3.17
770300143,2.7
770300192,1.0719999999999998
770300218,15.508000000000003
770300259,15.678
770300275,1.3439999999999999
770310019,17.814
770310027,18.83
770420024,15.678
770510055,18.038
770700011,14.748
770701225,16.528000000000002
770790707,5.27
770803708,14.500000000000002
770803989,16.878
770813400,2.68
770813426,14.500000000000002
770813459,14.500000000000002
770813814,11.8
770814622,11.8
770814986,14.500000000000002
780000287,12.45
780000295,14.08
780000303,48.01
780000311,12.68
780000329,11.05
780000337,12.68
780000345,10.98
780000352,16.652
780000360,32.554
780000378,26.730000000000004
780000386,58.15
780000402,48.01
780000410,26.254000000000005
780000428,14.08
780001467,23.668
780001558,14.500000000000002
780001657,16.296
780001707,14.499999999999998
780004529,19.849999999999998
780008298,33.208
780009528,14.758
780016507,14.500000000000002
780017802,14.499999999999998
780018727,5.11
780020111,18.038
780022646,11.680000000000001
780022737,34.33
780022760,16.926000000000002
780023545,20.356
780140018,6.338000000000002
780140042,17.81
780140075,14.617999999999997
780150017,32.424
780150033,41.33
780150066,32.806000000000004
780170056,18.038
780300075,15.179999999999998
780300083,15.678
780300109,13.664000000000001
780300125,2.35
780300208,2.16
780300224,33.208
780300323,1.3
780300364,0.6219999999999999
780300406,2.62
780300414,5.45
780300422,2.96
780300455,2.19
780310025,18.79
780420022,15.546000000000001
780420048,32.022000000000006
780630026,19.16
780700027,15.508000000000003
780700050,32.022000000000006
780800256,10.98
780808234,14.500000000000002
780822631,14.500000000000002
780822748,14.08
780823134,14.500000000000002
780825816,16.023999999999997
780826152,14.500000000000002
790000087,12.869999999999997
790000103,11.45
790000111,47.05
790000137,47.05
790000145,20.742
790000186,32.022000000000006
790000269,33.208
790000681,14.657999999999998
790003537,11.45
790007306,14.499999999999998
790007694,11.45
790008064,29.847999999999995
790009948,4.66
790012355,12.869999999999997
790016794,14.500000000000002
790017289,26.314000000000004
790019848,11.45
800000143,19.82
800000150,15.896
800000184,34.39
800000192,12.560000000000002
800000200,27.3
800000226,14.95
800000275,15.68
800000390,24.3
800000432,12.1
800000440,24.3
800000457,25.562
800000507,32.44
800000523,19.85
800000614,12.560000000000002
800002503,1.94
800004111,12.1
800004152,12.1
800006124,12.560000000000002
800006231,19.82
800008989,15.406
800009417,24.3
800009466,3.52
800009920,2.52
800010159,14.500000000000002
800010324,14.500000000000002
800010639,12.728
800012528,15.434000000000001
800013179,4.67
800015448,12.1
800015489,34.39
800015539,19.82
800015588,15.68
800015729,4.03
800016727,15.406000000000002
800016735,12.560000000000002
800016768,21.058000000000003
800016776,24.3
800017253,12.560000000000002
800018228,16.22
800018491,0.0
810000158,33.208
810000224,8.11
810000232,15.678
810000448,40.152
810000505,12.92
810000513,58.10000000000001
810000521,15.509999999999998
810000539,51.68
810000547,15.509999999999998
810000562,14.77
810003368,14.500000000000002
810003954,29.847999999999995
810004200,23.600000000000005
810007989,22.556000000000004
810011197,14.500000000000002
810099838,15.509999999999998
810100008,13.938
810100370,15.509999999999998
810101170,3.42
810101444,5.79
810101741,14.500000000000002
810101758,14.500000000000002
810102947,14.500000000000002
820000032,11.64
820000040,7.64
820000057,7.879999999999999
820000065,0.05999999999999999
820000198,12.89
820000412,25.69
820000420,35.89600000000001
820000438,15.158
820000461,15.67
820000883,12.89
820002350,22.82
820003218,16.562
820003911,18.038000000000004
820004067,11.64
820005791,14.500000000000002
820005908,14.758
820007102,20.208000000000002
820009611,12.89
830000279,11.9
830000287,13.269999999999998
830000295,16.17
830000303,14.748
830000311,17.93
830000337,10.39
830000345,11.45
830000600,12.943999999999999
830003877,17.595999999999997
830009528,17.93
830012498,24.573999999999998
830012548,24.984
830012589,11.328000000000001
830012688,0.0
830013629,12.166000000000002
830013819,14.499999999999998
830015970,14.500000000000002
830016556,25.470000000000002
830016671,14.500000000000002
830017372,23.552
830017497,18.05
830017505,14.499999999999998
830019600,16.614
830020889,16.17
830100012,15.454
830100087,16.528000000000002
830100103,4.87
830100251,6.820000000000001
830100319,7.769999999999999
830100327,0.44
830100335,29.847999999999995
830100368,6.3100000000000005
830100392,6.59
830100418,0.11999999999999998
830100434,3.45
830100442,18.914
830100459,0.9900000000000001
830100475,3.5799999999999996
830100558,11.51
830100574,6.964
830100582,25.983999999999995
830100608,11.45
830100624,14.748
830100632,16.296
830100681,14.748
830100756,14.19
830100764,15.67
830100806,16.555999999999997
830100814,14.924000000000001
830100822,15.12
830100855,83.99
830100863,15.292
830100871,16.17
830101408,22.592
830200507,29.847999999999995
830200515,16.220000000000002
830200523,6.430000000000001
830202743,11.45
830206298,11.9
830206397,13.712000000000002
830206983,18.978
830207114,19.85
830212783,13.584000000000001
830213617,14.500000000000002
830213625,14.500000000000002
830213856,16.17
830213989,13.269999999999998
830215687,0.0
830215919,16.996000000000002
830216495,14.500000000000002
840000202,29.847999999999995
840000285,1.15
840000327,2.99
840000343,20.63
840000350,10.219999999999999
840000376,12.681999999999999
840000392,16.98
840000400,1.54
840000418,10.35
840000426,44.33
840000434,0.8199999999999998
840000467,1.13
840000483,16.11
840000491,9.94
840000509,18.79
840000517,26.736000000000004
840000525,29.18
840000533,34.62
840000541,18.043999999999997
840000558,10.35
840001861,12.14
840006480,16.11
840007579,20.63
840011043,0.0
840011340,19.849999999999998
840012538,6.343999999999999
840013312,5.75
840013445,0.17
840014088,15.678
840014849,15.396
840015200,14.500000000000002
840017172,2.84
840017214,15.406000000000002
840017222,2.4920000000000004
840017461,22.492
840018337,12.14
840018691,14.758
840018774,5.664000000000001
840019079,6.06
840019228,12.14
850000118,2.43
850000126,1.33
850000134,3.32
850000142,12.89
850000175,16.37
850000183,17.67
850000191,17.09
850000209,12.89
850000225,12.89
850000233,16.37
850000241,14.11
850000258,12.943999999999999
850000357,15.508000000000003
850000399,29.57
850000647,46.99
850002130,15.12
850002395,14.216000000000001
850002403,15.508000000000003
850003377,16.37
850005224,33.208
850006008,14.154
850009333,14.499999999999998
850009630,17.67
850009762,14.500000000000002
850011271,14.499999999999998
850021049,14.11
850021866,12.265999999999998
850022013,23.278000000000002
850022047,14.500000000000002
850023151,14.500000000000002
850025156,24.984
860000017,13.938
860000025,12.858
860000033,23.046000000000003
860000058,12.71
860000223,12.71
860005768,14.499999999999998
860008929,14.153999999999996
860009208,15.406000000000002
860010321,3.2899999999999996
860011014,12.71
860011410,13.680000000000003
860780311,3.04
860780436,29.847999999999995
860780568,0.42
860782598,24.984
860790419,15.857999999999999
860791268,29.847999999999995
860793405,33.4
870000064,11.67
870000080,28.156000000000002
870000098,13.55
870000171,22.82
870000221,18.593999999999998
870000270,21.64
870000288,5.78
870000403,50.71
870000411,2.67
870000551,50.71
870000601,38.68
870001567,50.71
870002516,13.55
870003514,11.67
870004231,14.153999999999996
870005931,13.55
870006137,9.286
870007358,13.712000000000002
870008042,11.67
870009297,11.680000000000001
870010998,11.67
870014792,14.499999999999998
870014859,11.67
870016631,15.75
870017647,11.67
880000021,13.460000000000003
880000039,48.734
880000047,15.304
880000054,11.58
880000062,13.450000000000001
880000070,11.58
880000088,24.492
880000104,23.552000000000003
880000112,29.847999999999995
880000138,33.208
880000146,21.848
880000153,23.810000000000002
880000179,28.398
880000187,27.99
880000203,14.216000000000001
880000211,28.331999999999997
880000336,13.460000000000003
880001458,14.500000000000002
880001730,14.500000000000002
880006606,21.025999999999996
880006663,13.460000000000003
880006721,25.808000000000003
880007653,14.500000000000002
880007752,12.915999999999999
880780465,30.982
880780507,29.847999999999995
880785019,14.499999999999998
880785548,14.500000000000002
880786637,13.450000000000001
880786645,20.605999999999998
880788591,3.1400000000000006
890000169,1.91
890000250,23.006
890000292,32.022
890000300,38.342
890000318,15.508000000000003
890000326,17.237999999999996
890002298,17.81
890002371,22.557999999999996
890002389,2.25
890003130,14.500000000000002
890008295,14.500000000000002
890008956,20.208000000000002
890009178,23.762
890971583,33.4
890972862,14.500000000000002
890973258,19.72
890973431,14.500000000000002
890975501,20.278000000000002
890975519,1.0
890975527,14.349999999999998
890975535,37.5
890975543,33.4
890975550,19.72
890975568,41.37
900000035,0.37
900000647,14.988000000000001
900001728,14.500000000000002
900002429,13.052000000000001
900003039,15.57
900003070,15.57
910000199,11.679999999999998
910000272,9.78
910000280,17.78
910000298,16.54
910000306,16.54
910000314,12.869999999999997
910000330,24.492
910001973,17.78
910002609,4.984000000000001
910008028,35.34799999999999
910009349,0.0
910009919,15.508000000000003
910015965,60.14
910018423,16.54
910020254,12.869999999999997
910022037,14.500000000000002
910100015,36.33
910100023,35.396
910110071,16.54
910140037,18.826
910150010,28.718000000000004
910150028,12.623999999999999
910150069,29.622000000000003
910150077,15.406000000000002
910150085,15.508
910300011,0.22999999999999998
910300029,39.662
910300045,15.508000000000003
910300060,55.40999999999999
910300144,2.95
910300151,15.542000000000003
910300177,1.63
910300219,6.280000000000001
910300235,29.848000000000003
910300276,14.748
910300300,16.78
910300326,53.07000000000001
910300359,15.77
910310028,17.716
910500040,40.186
910800986,16.54
910803543,4.1
910805357,0.49
910811322,29.847999999999995
910813732,4.528
910813963,14.500000000000002
910814144,14.500000000000002
920000460,3.382
920000569,12.71
920000577,16.45
920000585,12.71
920000593,12.71
920000601,63.05
920000619,14.16
920000627,14.16
920000635,13.336
920000643,6.182
920000650,13.031999999999998
920000684,1.7239999999999998
920001096,18.79
920001369,16.323999999999998
920002177,25.562000000000005
920004058,15.406000000000002
920004959,14.500000000000002
920005238,15.678
920007408,18.95
920007549,11.772
920014099,15.508000000000003
920016698,15.545999999999998
920022704,14.500000000000002
920024205,18.086000000000002
920024718,11.679999999999998
920025210,14.500000000000002
920027711,66.67
920028917,25.074
920100013,12.41
920100021,9.54
920100039,14.749999999999998
920100047,10.49
920100054,7.42
920100062,18.71
920120011,8.915999999999999
920140019,13.052000000000001
920140027,19.174
920150018,29.57
920150075,16.926000000000002
920170024,13.018
920170081,13.018
920170115,14.758
920300043,4.23
920300183,0.0
920300191,0.49
920300258,15.508000000000003
920300266,24.46
920300365,0.15
920300381,29.847999999999995
920300415,1.8000000000000003
920300423,15.857999999999999
920300464,15.508
920300480,13.054000000000002
920300563,15.508
920300597,7.37
920300712,0.0
920300753,8.16
920300761,3.1639999999999993
920300787,6.420000000000001
920300837,0.04
920300845,33.982
920300886,16.528000000000002
920300936,8.44
920300985,29.847999999999995
920301033,12.93
920310026,18.05
920310034,17.237999999999996
920310059,18.593999999999998
920600061,16.023999999999997
920690278,18.037999999999997
920700010,15.896000000000004
920711512,14.620000000000003
920803798,29.569999999999997
920805066,13.018
920811635,16.220000000000002
920811775,14.500000000000002
920813623,18.838
930000286,16.97
930000294,16.97
930000302,10.38
930000328,10.24
930000336,10.54
930000344,13.366
930001433,10.24
930003355,14.500000000000002
930003942,14.500000000000002
930004288,13.017999999999999
930006648,15.678
930009188,15.508000000000003
930011788,15.678
930013818,15.508000000000003
930014428,24.984
930015458,20.208000000000002
930017512,16.296000000000003
930018460,14.500000000000002
930019203,15.678
930020920,18.951999999999995
930020987,14.991999999999999
930021001,14.748
930021431,14.657999999999998
930022603,14.499999999999998
930023692,15.546000000000001
930025127,14.500000000000002
930026687,14.758
930100011,25.58
930100037,15.52
930100045,4.43
930150032,16.233999999999998
930150057,23.552
930300025,6.72
930300066,4.96
930300082,4.92
930300116,2.12
930300140,29.278000000000002
930300264,0.64
930300280,29.847999999999995
930300298,0.51
930300546,14.924000000000001
930300553,6.17
930300587,0.98
930300595,5.13
930300645,8.61
930300678,29.847999999999995
930310016,21.204
930500012,29.344
930700018,13.712000000000002
930706239,10.24
930813910,14.500000000000002
930815501,5.91
930815618,24.984
930816079,14.500000000000002
930817333,24.984
930817465,18.038
930817606,14.499999999999998
940000078,14.499999999999998
940000573,8.22
940000599,12.78
940000607,26.080000000000002
940000615,12.122
940000631,66.67
940000649,4.154000000000001
940000656,20.872
940000664,7.688000000000001
940006679,1.6399999999999997
940008139,15.508000000000003
940016868,2.45
940019375,14.500000000000002
940021157,13.018
940100027,13.44
940100035,38.32
940100043,11.54
940100050,40.47
940100068,12.85
940120017,14.499999999999998
940170012,14.758
940170137,13.017999999999999
940300031,3.33
940300080,15.508000000000003
940300163,60.57
940300270,3.42
940300379,6.2
940300445,12.539999999999997
940300452,3.46
940300494,4.04
940300502,29.847999999999995
940300551,1.32
940300569,6.849999999999999
940300577,29.847999999999995
940310014,18.79
940310022,18.792
940700032,15.678
940700040,15.508000000000003
940721400,14.758
940806490,52.04200000000001
940807654,14.758
940812506,12.78
940813017,14.500000000000002
940813033,0.61
940813090,15.508000000000003
940814460,14.500000000000002
950000307,12.879999999999999
950000315,14.664
950000323,13.1
950000331,11.75
950000349,30.524
950000364,11.27
950000398,17.716
950000406,27.014
950000695,19.548000000000002
950000703,14.620000000000003
950002568,20.171999999999997
950002709,14.500000000000002
950006908,18.05
950016139,18.182000000000002
950031237,11.680000000000001
950032714,0.0
950150011,15.77
950150052,11.276
950300087,30.208000000000002
950300095,3.55
950300103,20.051999999999996
950300152,24.64
950300194,15.396
950300202,0.66
950300244,2.39
950300277,1.86
950300301,5.93
950300327,15.508000000000003
950300350,1.8719999999999997
950300376,32.022
950310029,16.954
950420042,15.508
950500017,14.620000000000003
950630012,23.493999999999996
950700021,14.924000000000001
950787119,13.017999999999999
950787135,12.86
950805671,13.018
950806166,11.680000000000001
950806307,14.500000000000002
950807982,1.7500000000000002
950808725,14.500000000000002
950808949,14.500000000000002
970100012,1.8399999999999999
970100020,2.46
970100111,18.488
970100129,15.514
970100137,22.6
970100251,13.44
970100384,7.96
970100392,12.39
970100400,7.21
970100418,15.150000000000002
970100426,22.21
970100442,16.32
970100459,24.374000000000002
970100475,24.492
970100483,10.129999999999999
970102596,3.12
970103016,15.12
970104477,15.706000000000003
970107249,0.75
970107454,14.499999999999998
970107587,14.500000000000002
970107595,14.500000000000002
970107611,14.500000000000002
970107637,8.156
970108957,24.500000000000004
970111217,19.528000000000002
970111365,14.153999999999996
970111563,19.849999999999998
970111571,20.0
970111662,10.428
970111670,14.500000000000002
970111688,5.670000000000001
970112033,22.459999999999997
970112470,7.21
970112587,16.32
970112835,16.32
970112850,16.32
970112884,16.32
970200028,15.546000000000001
970200036,51.32
970200044,31.69
970200051,16.024
970200069,12.943999999999999
970200077,33.208
970200101,19.726000000000003
970202313,1.09
970202321,7.042
970203303,16.528000000000002
970203493,12.008000000000001
970203774,0.0
970208104,15.144000000000002
970209219,0.0
970209714,18.134
970210282,14.500000000000002
970210290,14.499999999999998
970210308,14.500000000000002
970210324,14.500000000000002
970211165,16.296000000000003
970211173,15.546000000000001
970211215,14.280000000000001
970211223,14.280000000000001
970211231,14.280000000000001
970211249,14.280000000000001
970211256,14.280000000000001
970212833,14.154
970300026,7.789999999999999
970300083,8.9
970302055,0.79
970302071,33.0
970302535,12.008000000000001
970303350,14.500000000000002
970303608,22.556000000000004
970303640,18.305999999999997
970303657,22.556000000000004
970304580,14.500000000000002
970304614,15.569999999999997
970305124,14.942000000000002
970305520,13.712000000000002
970305637,5.58
970400016,12.943999999999999
970400024,13.19
970400057,13.19
970400065,17.33
970400073,9.44
970400081,13.19
970400099,13.19
970400156,9.44
970400180,13.19
970403119,26.314000000000004
970403663,14.500000000000002
970403671,14.500000000000002
970403705,4.984000000000001
970403721,28.156000000000002
970403747,14.500000000000002
970403754,31.328000000000007
970403762,14.500000000000002
970403770,14.500000000000002
970404018,0.0
970404109,0.95
970404158,4.984000000000001
970404406,15.434000000000001
970404588,14.658000000000001
970404679,13.712000000000002
970404711,19.85
970404844,0.0
970404851,26.314000000000004
970405064,28.156000000000002
970405395,18.144
970405411,0.0
970405452,6.343999999999999
970405650,14.764
970405676,0.0
970405726,15.508000000000003
970406096,36.506
970406203,15.508000000000003
970406245,15.508
970406625,26.314000000000004
970407151,28.156000000000002
970407318,18.306
970407656,19.85
970407722,14.500000000000002
970408753,18.79
970409470,18.764
970409645,14.500000000000002
970409991,14.500000000000002
970410064,0.0
970410163,14.500000000000002
970410783,26.314000000000004
970423000,15.588000000000001
970462024,1.6500000000000001
970462073,0.17
970462081,1.11
970462107,5.77
970463113,29.847999999999995
970463139,13.19
970466504,16.023999999999997
970466751,0.0
970467155,15.245999999999999
970467197,8.156
980500011,11.852
980500763,0.0
980500920,14.500000000000002
980501159,14.500000000000002
980501258,14.500000000000002
