FI,A9_imp
010000024,11.36
010000032,18.32
010000065,54.82
010000081,13.276000000000002
010000099,59.410000000000004
010000107,52.54
010000115,58.59
010000131,58.59
010000180,6.56
010000198,6.56
010000214,6.56
010000495,12.043999999999999
010002129,13.774000000000003
010005239,9.07
010005379,13.456
010006526,13.474
010007300,0.0
010008852,14.502000000000002
010009314,11.36
010009702,11.36
010010171,16.872000000000003
010011385,13.474
010011641,15.866000000000001
010780195,4.22
010780203,4.36
010780278,39.62
010780294,9.774000000000001
010780476,15.866000000000001
010780492,12.512
010780799,33.372
010789006,13.474
010789576,54.82
010789717,9.07
020000089,51.60999999999999
020000097,45.93
020000105,56.879999999999995
020000162,11.23
020000246,49.99999999999999
020000303,12.512
020000360,0.37
020000386,17.046000000000003
020000394,14.329999999999998
020000519,13.03
020000535,13.779999999999998
020000543,10.738
020000915,12.512
020001061,13.85
020001087,17.81
020001772,13.474
020001913,13.474
020003877,14.329999999999998
020004156,16.872000000000003
020004297,15.319999999999999
020004677,13.03
020005476,14.329999999999998
020006441,13.474
020006664,11.23
020009684,14.809999999999997
020010047,2.78
020010310,34.332
020010898,18.958000000000002
020012860,13.474
020014767,17.77
020016242,13.474
020016341,13.739999999999998
020016366,11.23
020017075,13.474
020017448,13.474
020017455,13.474
020018453,13.474
030000012,17.52
030000061,16.28
030000079,17.52
030000087,10.67
030000095,65.49
030000160,14.765999999999998
030001689,18.548
030002208,54.17
030003669,12.867999999999999
030003719,13.474
030003768,13.474
030007942,54.17
030008726,13.646
030780548,2.56
030781116,6.980000000000001
030781637,17.52
030785430,1.76
040000036,7.610000000000001
040000044,20.0
040000069,15.76
040000093,15.76
040000119,39.57
040000127,6.249999999999999
040000135,11.34
040000911,11.3
040003113,13.474
040780389,24.729999999999997
040780405,15.177999999999999
040780470,0.48
040780488,15.524000000000001
040780520,12.718
040782021,39.62
040784860,15.551999999999998
040787541,13.474
040788440,15.76
050000041,15.744000000000002
050000058,25.368
050000066,21.374
050000090,0.27
050000132,14.46
050000223,62.22
050000231,8.12
050000256,15.4
050000298,12.56
050000348,11.34
050000454,16.858
050000488,15.628000000000002
050000637,16.938
050000991,13.412
050001064,31.808
050002351,14.502000000000002
050006022,13.474
050007533,4.11
050008630,8.12
060000163,42.11
060000296,26.09
060000304,35.21
060000411,41.82
060000478,13.769999999999998
060000486,43.33
060000494,22.0
060000510,16.19
060000528,4.518000000000001
060000544,14.71
060000551,40.294
060001625,36.51
060002102,12.3
060005469,30.689999999999998
060006558,19.931999999999995
060010899,12.44
060010949,6.68
060015328,14.501999999999999
060019213,16.462
060019627,23.23
060019676,13.474
060021094,31.937999999999995
060021201,16.558
060021276,0.0
060021342,30.86
060021417,1.57
060023694,13.739999999999998
060024551,17.041999999999998
060025285,13.474
060780145,31.808
060780186,19.307999999999996
060780277,15.402000000000003
060780343,31.201999999999995
060780350,17.3
060780392,32.828
060780442,0.0
060780459,15.866000000000001
060780491,5.33
060780517,3.2099999999999995
060780525,16.706
060780541,16.706
060780558,15.402000000000003
060780590,0.9099999999999999
060780665,31.116
060780715,2.84
060780723,1.9799999999999998
060780749,17.426
060780756,0.7
060780947,4.414
060780996,16.122
060781200,5.38
060781374,15.06
060781929,16.716
060785003,12.44
060785243,17.77
060788957,12.44
060789195,12.44
060789674,15.744000000000002
060790177,12.44
060790862,25.558000000000003
060791746,24.0
060791811,34.834
060791860,1.704
060792090,13.474
060792736,13.474
060792900,6.187999999999999
060792926,6.68
060794013,3.364
060794021,14.71
060798881,24.112000000000002
060800166,3.74
060800174,16.919999999999998
060800182,13.575999999999999
060801016,13.474
070000013,14.62
070000021,58.93000000000001
070000039,65.9
070000047,56.8
070000062,1.25
070000070,20.66
070000096,53.014
070000112,58.93000000000001
070000146,25.113999999999997
070000179,12.11
070000187,24.920000000000005
070000195,15.2
070000203,53.23
070000484,13.9
070000609,13.9
070004726,12.867999999999999
070005046,11.303999999999998
070006804,13.9
070780168,0.85
070780226,14.940000000000001
070780234,13.337999999999997
070780242,17.299999999999997
070780317,10.738
070780390,12.394000000000002
070780424,3.39
070783824,14.62
070784517,14.62
070784897,26.778
070786231,13.474
070786249,13.474
080000110,15.3
080000136,32.762
080000219,13.170000000000002
080000250,16.318
080000268,13.018
080000276,13.170000000000002
080000284,15.3
080000300,15.3
080000318,10.738
080000425,15.3
080002140,13.739999999999998
080005846,13.474
080005960,15.3
080009392,18.444000000000003
080009814,15.3
080010465,3.0340000000000003
080010473,0.5879999999999999
080010523,15.402000000000003
080011182,12.867999999999999
080011257,19.282
080011265,20.548000000000002
090000019,14.894000000000004
090000175,12.19
090000183,15.829999999999998
090001629,12.19
090002833,13.474
090003823,15.829999999999998
090784125,13.474
090784679,13.474
100000082,0.7800000000000001
100000090,14.61
100000108,11.572000000000001
100000116,59.59
100000124,0.8599999999999999
100000140,68.15
100000199,23.23
100000801,23.23
100005958,13.474
100006493,14.61
100006550,12.868000000000002
100007285,15.286000000000001
100007699,23.23
100009364,14.61
100009380,14.61
100010206,14.61
100010362,14.894000000000004
100010545,12.794
100010578,18.317999999999998
100010818,3.9559999999999995
100011477,14.502000000000002
110000023,18.77
110000049,28.31
110000056,14.58
110000189,55.07
110000247,21.69
110000262,14.502000000000002
110002953,14.58
110003118,13.980000000000002
110004413,6.187999999999999
110004421,6.187999999999999
110004439,6.187999999999999
110004942,15.524000000000003
110005048,20.099999999999998
110005246,14.58
110005311,4.192
110005394,20.099999999999998
110006137,18.77
110007259,13.474
110007580,18.77
110007598,18.77
110007630,14.894000000000004
110780152,16.706
110780194,27.898
110780202,14.886000000000001
110780228,4.14
110780236,55.07
110780483,2.96
110781283,14.58
110786324,12.044000000000002
110786746,12.754000000000001
120000039,11.58
120000054,8.41
120000070,22.77
120000088,47.27
120000096,56.47
120000153,14.862000000000002
120000237,12.98
120001748,4.192
120004569,8.56
120004668,20.69
120005228,13.474
120007554,8.56
120007786,13.474
120008248,8.41
120780135,24.0
120780143,13.225999999999999
120780283,13.402
120782263,8.41
120783097,8.56
120783188,11.58
120783618,21.792000000000005
120786959,11.58
130000235,19.732
130000409,9.74
130000433,10.738
130000516,18.32
130000565,13.89
130001225,12.129999999999999
130001258,16.51
130001647,5.404000000000001
130002215,10.79
130002496,13.131999999999998
130002827,10.27
130002835,10.49
130008048,32.63
130008238,14.639999999999999
130008253,0.23
130008287,13.474
130009079,18.444
130010648,15.081999999999999
130021488,22.188000000000006
130021819,14.700000000000001
130022619,19.51
130024268,12.868000000000002
130032758,25.86
130034002,1.704
130034044,3.0939999999999994
130034093,3.0939999999999994
130034531,0.0
130034580,14.856
130034614,13.474
130035223,13.474
130035793,15.866000000000001
130035959,13.474
130036650,13.474
130038003,0.0
130041767,7.749999999999999
130042096,1.48
130042526,13.203999999999999
130043318,14.893999999999998
130043508,14.502000000000002
130043664,6.276000000000001
130043854,14.502000000000002
130044662,13.739999999999998
130044753,0.0
130044845,13.474
130044977,14.644000000000004
130044985,14.644000000000004
130044993,14.644000000000004
130045008,14.644000000000004
130045016,14.644000000000004
130045040,14.644000000000004
130045263,52.394000000000005
130046097,13.739999999999998
130048176,18.444000000000003
130048341,13.739999999999998
130050396,13.474
130050917,1.1199999999999999
130780083,31.808
130780273,15.786
130780521,10.452
130781065,15.026
130781255,15.094
130781370,3.6399999999999997
130781438,12.512
130781479,8.53
130781768,31.808
130781834,16.558000000000003
130781867,0.3
130781917,14.96
130781925,15.332
130782071,2.9
130782097,17.747999999999998
130782147,7.4
130782162,0.68
130782303,26.541999999999998
130782444,30.690000000000005
130782451,32.63
130782493,14.252
130782675,0.46
130783152,49.93
130783236,9.815999999999999
130783293,10.776
130783327,2.05
130783475,24.0
130783665,2.1800000000000006
130783723,0.06
130783764,16.114
130784051,7.179999999999999
130784085,11.357999999999999
130784234,6.336000000000001
130784291,10.78
130784481,2.49
130784580,24.0
130784598,12.723999999999998
130784606,10.78
130784697,10.592
130784713,4.69
130784812,15.286
130784903,5.65
130784911,14.850000000000001
130784952,13.601999999999999
130785389,0.42999999999999994
130785462,30.690000000000005
130785652,8.482000000000001
130785678,9.64
130785975,15.866000000000001
130785983,13.203999999999999
130786015,16.842
130786023,14.71
130786296,31.116000000000003
130786361,6.45
130786445,1.7040000000000002
130786742,9.496
130786890,12.304
130786924,15.744000000000002
130786932,16.215999999999998
130786973,17.786
130787369,13.740000000000002
130789159,47.2
130789357,13.575999999999999
130790157,10.49
130798002,16.132
130798358,9.74
130802143,17.77
130804032,11.303999999999998
130804297,15.935999999999998
130806011,16.706
130806029,13.474
130806078,10.986
130806417,13.474
130808843,13.797999999999998
130809015,35.88
130809809,0.0
130809981,15.866000000000001
130810740,1.38
130811102,20.872000000000003
140000027,12.0
140000076,11.37
140000209,12.08
140000233,11.72
140000241,22.94
140000258,16.192000000000004
140000290,1.26
140000340,28.477999999999998
140000373,20.35
140000456,17.624000000000002
140000555,4.518000000000001
140002254,12.868000000000002
140002452,1.598
140002619,17.102
140004136,11.37
140004383,12.08
140008152,24.098000000000003
140012196,12.08
140013830,11.72
140015975,39.62
140016155,11.37
140016759,2.66
140017237,3.0100000000000002
140017278,13.739999999999998
140017401,11.37
140018730,1.58
140019175,14.886000000000001
140024886,11.37
140025123,15.866000000000001
140025255,12.512
140025362,11.37
140026410,22.94
140026709,1.19
140027434,13.474
140027681,13.739999999999998
140027731,14.644
140028895,13.474
140030891,4.11
150000024,53.10000000000001
150000032,20.33
150000040,13.35
150000149,14.502000000000002
150000164,28.37
150000180,35.94
150001758,13.474
150002608,16.662000000000003
150003416,13.474
150003713,18.444
150780120,19.27
150780708,14.894000000000004
150780732,5.16
150780773,20.33
150780823,13.35
150782944,26.491999999999997
160000170,1.62
160000188,34.6
160000253,13.56
160000261,17.71
160000279,1.8799999999999997
160000303,30.329999999999995
160000311,15.29
160000337,15.08
160000345,2.09
160000360,17.71
160002036,17.77
160006110,12.868000000000002
160008231,16.706
160009080,15.626
160012159,12.867999999999999
160012209,13.338
160013207,1.76
160015368,17.71
160016374,13.739999999999998
160017240,2.09
170000038,18.38
170000061,13.82
170000079,72.13
170000087,13.82
170000095,14.549999999999999
170000103,13.56
170000111,13.82
170000129,39.44
170000137,14.501999999999999
170000152,12.3
170000178,62.72
170020994,13.56
170022065,10.728
170022818,12.846
170022826,17.483999999999998
170024590,12.3
170026033,13.474
170780043,15.578000000000001
170780068,15.866000000000001
170780100,16.192000000000004
170780282,16.132
170780290,16.132
170780563,3.4399999999999995
170780621,2.9799999999999995
170780647,0.16
170780662,0.81
170780803,14.894000000000004
170781199,12.56
170782981,13.82
170783138,18.444000000000003
170783146,18.38
170784086,12.708
170784110,13.82
170785059,13.474
170792212,13.474
170792220,13.56
170794929,13.474
170795165,13.474
170802656,13.474
170802789,39.44
170803431,13.225999999999999
170804090,13.474
180000010,13.27
180000176,13.690000000000001
180000200,13.23
180000283,19.59
180000333,13.016
180000358,3.8620000000000005
180000382,15.458
180000598,14.894000000000004
180003287,13.27
180003345,13.23
180003386,19.59
180004145,2.41
180004533,11.304
180005662,13.474
180005811,13.474
180005829,12.868000000000002
180006397,13.474
180007825,16.55
180008278,17.77
180009490,20.24
190000018,15.52
190000026,16.46
190000034,47.0
190000091,13.079999999999998
190000117,13.24
190000224,3.33
190000257,14.501999999999999
190002493,16.46
190005140,25.5
190005165,12.655999999999999
190005694,15.744000000000002
190009985,17.298000000000002
190010512,10.379999999999999
190010553,6.68
190010629,14.700000000000001
190010892,16.46
190011197,16.46
190011601,15.52
190012476,14.501999999999999
190013219,15.52
190013482,15.52
210001483,13.474
210001889,13.474
210001939,13.474
210003059,14.700000000000001
210005559,21.842
210007399,14.501999999999999
210010443,14.502000000000002
210010484,6.68
210011847,1.42
210012472,13.474
210012670,1.47
210013157,16.22
210780144,15.866000000000001
210780276,15.402000000000003
210780292,15.578000000000001
210780425,12.708
210780789,2.9799999999999995
210986089,11.02
210986360,13.474
210986741,31.808
210987046,25.5
210987558,11.02
210987574,11.900000000000002
210987582,22.63
210987590,11.900000000000002
210987616,11.900000000000002
210987632,14.75
210987640,67.86
210987657,11.900000000000002
210987665,37.71
210987673,37.71
210987681,37.71
210987699,16.22
210987731,4.846
210987939,14.75
220000012,15.469999999999999
220000095,15.73
220000111,1.77
220000194,20.12
220000210,12.024
220000236,7.0859999999999985
220000319,12.672000000000002
220000327,16.32
220000343,12.610000000000001
220000368,19.24
220000467,14.672
220000475,13.996
220000483,20.12
220000541,17.9
220000566,66.53
220000574,66.53
220000590,13.739999999999998
220001259,34.09
220005599,2.12
220012751,11.304
220012884,19.24
220013106,6.187999999999999
220013130,6.187999999999999
220013155,6.187999999999999
220014138,19.424
220014708,14.501999999999999
220016778,6.187999999999999
220019061,15.469999999999999
220019558,4.192
220019616,17.102
220019848,6.187999999999999
220020101,15.469999999999999
220020119,15.469999999999999
220020341,19.51
220020507,9.282
220020697,18.444000000000003
220021976,9.282
220022149,15.469999999999999
220022800,4.15
230000259,16.62
230000820,16.62
230000838,18.86
230000846,47.49
230000853,0.0
230000952,12.038
230000960,15.906000000000002
230003576,10.379999999999999
230004657,18.86
230780082,12.094
230780157,0.74
230780181,14.195999999999998
230782617,15.551999999999998
240000091,13.996
240000174,38.27
240000190,3.6
240000208,1.14
240000216,0.19
240000273,24.366000000000003
240000307,24.0
240000372,11.61
240000414,20.56
240000455,49.13
240000463,0.06
240000471,53.06000000000001
240000489,13.93
240000505,38.46
240000513,42.012
240000521,38.46
240000646,11.584000000000001
240000661,17.3
240000687,15.279999999999998
240002402,15.402000000000003
240002691,13.474
240002725,13.474
240003293,13.474
240003301,13.474
240006734,6.68
240008318,18.874000000000002
240011668,20.100000000000005
240013219,12.867999999999999
240013466,13.474
240017046,0.06
240017061,18.444
250000023,8.37
250000270,2.07
250000288,14.502000000000002
250000544,14.501999999999999
250000619,8.48
250000627,36.43
250000635,41.86
250000700,8.48
250000718,0.0
250000726,48.84
250000734,8.48
250000759,13.774000000000003
250000882,15.177999999999999
250001237,16.944
250001252,12.636000000000001
250004009,15.590000000000002
250005196,12.708
250006954,8.37
250007234,8.48
250011848,1.01
250012069,21.124
250013448,13.474
250014008,12.156
250015526,13.474
250015534,13.474
250016003,13.740000000000002
250016037,17.77
250016045,20.100000000000005
250021078,31.334000000000003
260000013,10.01
260000120,13.66
260000138,12.93
260000146,8.61
260000195,51.62
260000203,13.66
260000229,12.93
260000237,44.74
260000260,1.36
260000278,35.66
260000286,23.06
260000302,12.536000000000003
260000823,13.278
260001631,6.68
260003017,0.9099999999999999
260003157,18.444000000000003
260003215,6.68
260005277,11.303999999999998
260006267,2.13
260006820,12.867999999999999
260010418,12.867999999999999
260012760,13.474
260016993,13.474
260017454,12.512
260020078,11.62
260021688,12.867999999999999
260021795,14.2
270000045,14.78
270000326,2.86
270000342,14.502000000000002
270000359,12.76
270000367,8.02
270000391,13.059999999999999
270000417,26.541999999999998
270000425,17.69
270000433,17.592000000000002
270000441,35.04
270000458,12.76
270000474,40.907999999999994
270000482,12.892
270000516,16.616
270000573,12.043999999999999
270000862,1.03
270000870,14.894000000000004
270000896,14.597999999999999
270000912,12.512
270016058,14.700000000000001
270017338,13.474
270017379,13.474
270017429,13.474
270017478,13.474
270021439,18.444000000000003
270025984,17.512
270026107,12.76
270027279,16.872000000000003
270029416,17.69
280000043,13.82
280000050,13.402
280000084,15.51
280000100,41.26
280000266,24.0
280000431,15.866000000000001
280000449,47.002
280000662,10.68
280000696,13.82
280001678,14.700000000000001
280006594,14.257999999999997
280007121,13.293999999999999
280007261,13.739999999999998
280007295,13.772
280502741,6.68
280502998,12.06
280503848,14.257999999999997
280504267,13.82
280504309,13.474
280504689,9.774000000000001
280505223,13.575999999999999
280505264,15.866000000000001
280505777,3.26
280506015,14.893999999999998
290000025,12.43
290000033,19.22
290000058,13.069999999999999
290000066,12.43
290000140,2.58
290000173,16.83
290000181,14.359999999999998
290000207,3.8620000000000005
290000215,3.5659999999999994
290000256,13.069999999999999
290000272,36.92
290000322,54.11
290000363,18.124000000000002
290000371,12.512
290000389,38.64
290000553,19.22
290000686,39.620000000000005
290000728,9.052
290000736,17.445999999999998
290000744,13.158000000000001
290000785,24.256
290000827,12.512
290000850,0.0
290000918,17.624000000000002
290000934,15.800000000000002
290000975,9.738
290000983,14.894000000000004
290001015,0.71
290002344,31.512000000000008
290003953,13.575999999999999
290003995,15.800000000000002
290004142,1.9799999999999998
290004324,13.069999999999999
290004340,13.069999999999999
290004365,13.069999999999999
290005131,9.282
290005172,6.187999999999999
290005230,9.282
290007905,33.74
290008853,14.359999999999998
290014687,15.800000000000002
290017946,13.069999999999999
290018555,9.282
290018563,4.192
290019777,2.82
290021070,6.187999999999999
290023431,0.82
290023498,18.444000000000003
290023779,9.282
290023787,6.187999999999999
290023795,6.187999999999999
290024462,13.026
290025113,12.43
290025147,12.43
290025337,6.187999999999999
290028539,6.187999999999999
290029669,9.282
290029982,12.43
290030808,9.282
290032028,4.192
290032655,9.282
290032838,15.488
290034610,15.800000000000002
290036375,13.227999999999998
290036466,16.044
290036474,14.501999999999999
290036540,2.05
290036706,12.512
290037548,14.894000000000004
2A0000022,12.1
2A0000030,13.926
2A0000139,2.19
2A0000154,5.8
2A0000212,23.08
2A0000261,39.620000000000005
2A0000287,12.8
2A0001988,14.700000000000001
2A0002051,14.672
2A0002614,31.53
2A0003125,12.1
2A0003133,12.1
2A0003141,12.1
2A0003174,13.474
2A0022554,11.6
2A0023271,12.1
2B0000012,14.110000000000001
2B0000038,43.74
2B0000079,0.0
2B0000145,1.45
2B0000392,5.37
2B0000400,31.701999999999998
2B0001739,21.791999999999998
2B0003016,16.368
2B0003099,18.444000000000003
2B0003289,14.700000000000001
2B0003420,14.110000000000001
2B0003917,17.152
2B0004089,14.110000000000001
2B0004113,16.037999999999997
2B0004212,13.474
2B0004584,13.474
2B0004907,14.110000000000001
2B0005359,7.7
2B0005409,14.110000000000001
2B0005664,0.66
2B0005797,10.379999999999999
300000023,15.88
300000031,13.31
300000056,38.86
300000064,46.06
300000072,33.43
300000080,12.024
300000387,12.708
300000478,64.16
300000759,16.906000000000002
300002128,17.536
300002169,25.752
300002508,0.0
300007119,4.192
300008588,0.0
300008638,0.0
300012309,22.188000000000006
300012358,24.0
300012481,15.88
300012499,15.88
300012598,6.859999999999999
300013745,20.548000000000002
300013778,21.226
300014040,14.894000000000004
300017209,29.04
300017423,14.894000000000004
300017431,4.976
300780111,13.702000000000002
300780137,3.5899999999999994
300780152,3.0699999999999994
300780210,16.810000000000002
300780244,16.706
300780251,15.454
300780269,16.872000000000003
300780285,15.866000000000001
300780384,11.303999999999998
300780442,26.09
300780491,14.886000000000001
300781424,17.426000000000002
300781440,13.698
300781465,2.986
300782117,11.78
300782125,11.78
300782141,11.78
300786274,14.501999999999999
300787421,4.192
300788502,1.44
310000013,18.282
310000310,13.62
310000336,14.851999999999999
310000369,9.746
310005459,14.700000000000001
310006473,13.474
310011838,6.187999999999999
310013628,79.61
310014329,40.907999999999994
310016977,9.72
310018650,11.304
310018684,13.474
310019351,9.72
310020169,13.474
310020938,13.646
310021571,58.64000000000001
310022298,9.72
310022330,12.867999999999999
310023007,26.79
310025333,9.72
310026083,1.18
310026612,12.867999999999999
310026919,13.474
310026927,3.3800000000000003
310031414,13.474
310031927,13.474
310780119,17.55
310780143,18.124000000000002
310780150,0.63
310780234,14.96
310780259,5.52
310780283,3.7
310780358,16.132
310780366,12.76
310780374,13.575999999999999
310780382,3.22
310780390,16.772000000000002
310780481,16.732000000000003
310781000,3.7
310781067,9.632
310781125,31.116000000000003
310781133,16.852000000000004
310781141,17.55
310781158,16.132
310781174,15.866000000000001
310781422,16.044
310781430,11.304
310781505,4.57
310781695,19.06
310781984,13.926
310782016,24.44
310782065,11.77
310782339,9.72
310782347,4.085999999999999
310782396,13.608
310782446,11.304
310783048,9.72
310783055,9.72
310783063,9.72
310783097,11.304
310784558,14.893999999999998
310784830,15.866000000000001
310786389,39.24
310786702,15.101999999999999
310787965,13.740000000000002
310790472,13.575999999999999
310792635,15.524000000000001
310792874,14.501999999999999
310793401,13.474
310793419,13.474
310793435,13.474
310793567,13.474
310793575,13.474
310793807,13.474
310794094,12.453999999999999
310794417,0.0
310794524,13.474
310794532,13.474
310795463,12.982
310796768,13.474
310796776,13.474
310797527,18.444
320000086,16.93
320000094,13.402
320000102,22.8
320000110,72.94
320000128,73.2
320000144,81.05
320000151,44.05
320000169,13.416
320000177,46.9
320000185,14.043999999999997
320001050,13.474
320001688,13.474
320004328,13.227999999999998
320004872,13.474
320004922,16.93
320004930,16.436
320005523,13.474
320780067,1.26
320780109,17.426
320780323,15.524000000000003
320784333,14.328000000000001
320784515,13.474
320785587,13.474
330000217,38.31400000000001
330000332,3.7279999999999998
330000340,4.772
330000431,16.906000000000002
330000555,12.610000000000001
330000571,11.67
330000589,14.78
330000597,14.78
330000605,13.649999999999999
330000613,46.08
330000639,17.624000000000002
330000647,10.738
330000662,4.518000000000001
330000779,11.304
330005182,32.206
330007410,13.474
330007436,13.474
330007550,13.474
330007584,13.474
330007634,13.474
330007642,13.474
330007667,13.474
330007683,13.474
330007725,13.474
330008012,13.474
330017989,4.976
330024639,13.474
330024928,12.512
330025958,14.700000000000001
330051608,13.474
330054453,13.474
330054461,13.474
330056227,13.474
330056516,13.474
330056680,13.474
330057654,13.608
330058058,13.474
330058355,13.649999999999999
330058504,15.148000000000003
330058603,10.858
330058694,13.474
330059106,13.740000000000002
330060351,18.444
330060385,19.983999999999998
330060658,0.35
330780040,0.4699999999999999
330780081,5.47
330780115,1.54
330780206,1.46
330780263,3.86
330780271,0.37
330780289,12.708
330780297,18.124000000000002
330780313,15.831999999999999
330780321,16.772000000000002
330780354,14.549999999999999
330780370,4.536
330780446,0.0
330780453,2.488
330780461,10.986
330780479,5.43
330780487,0.0
330780495,12.191999999999998
330780503,1.16
330780511,1.04
330780529,9.324
330780537,7.454
330780560,25.042
330780636,11.303999999999998
330780750,13.575999999999999
330780768,14.240000000000002
330780776,15.786
330781121,14.894000000000004
330781139,6.628000000000001
330781154,12.512
330781170,16.85
330781188,12.708
330781303,26.722000000000005
330781337,9.04
330781352,9.04
330781360,9.04
330781402,2.09
330781626,15.866000000000001
330782350,12.708
330782582,2.88
330783374,6.68
330783614,17.536
330783648,9.04
330783721,13.649999999999999
330783960,12.708
330791641,32.498
330795295,13.474
330802364,13.474
330802752,9.04
330802778,12.512
330804501,44.05
340000025,6.628000000000001
340000033,16.3
340000173,34.25
340000181,40.908
340000207,7.120000000000001
340000215,47.83
340000223,18.22
340000231,56.24
340000249,67.74
340000439,15.866000000000001
340001064,14.328000000000001
340008176,34.288
340008275,10.84
340009018,13.575999999999999
340009539,6.68
340009885,3.5899999999999994
340010149,13.722000000000001
340013119,0.0
340013168,4.192
340013218,6.187999999999999
340013259,6.187999999999999
340013309,4.192
340013358,6.187999999999999
340013499,6.187999999999999
340015502,7.53
340015965,5.27
340015999,0.0
340016005,7.8919999999999995
340016476,14.700000000000001
340016732,16.3
340017292,13.474
340017771,16.3
340017839,21.792000000000005
340017847,21.792000000000005
340019090,15.744000000000002
340019603,9.282
340020221,6.187999999999999
340020445,16.528
340021211,16.3
340022763,10.84
340022771,10.84
340022979,1.51
340023142,0.0
340023258,25.5
340024314,4.95
340024512,40.156
340024546,23.999999999999996
340024553,4.192
340025279,10.84
340027739,10.84
340780121,16.872
340780139,0.29
340780147,13.13
340780154,9.27
340780196,14.886000000000001
340780212,12.512
340780220,13.066
340780253,24.126000000000005
340780436,18.22
340780444,27.63
340780485,10.84
340780568,6.870000000000001
340780642,3.6639999999999997
340780667,6.9
340780675,4.82
340780717,8.7
340780725,0.58
340780741,1.01
340780758,16.32
340780766,16.132
340780782,16.132
340780790,15.454
340780816,26.541999999999998
340780840,0.0
340780857,14.71
340780931,16.908
340781608,49.65
340782002,15.286
340782036,10.84
340782085,10.84
340782481,10.84
340785161,10.84
340787266,18.22
340789981,15.578000000000001
340796051,18.22
340796093,14.71
340796663,10.84
340797596,25.368
340798511,24.310000000000002
340798552,19.752000000000002
350000063,38.41400000000001
350000071,49.65
350000121,3.75
350000139,1.2719999999999998
350000147,12.129999999999999
350000154,17.45
350000162,15.55
350000188,15.55
350000196,0.9099999999999999
350000204,37.93599999999999
350000212,37.58
350000337,13.69
350000410,45.0
350000428,40.907999999999994
350000436,45.7
350000444,38.3
350000451,45.7
350000741,11.58
350002119,18.124000000000002
350002176,15.642
350002200,38.354
350002234,14.25
350002564,13.926
350002754,12.708
350002804,4.192
350002812,4.518000000000001
350002911,15.708
350005021,31.326
350005146,3.68
350006771,11.58
350007084,11.58
350008579,14.501999999999999
350013629,12.129999999999999
350016135,15.55
350030763,9.282
350032280,16.944
350032934,4.192
350036299,16.528
350040044,4.976
350040499,12.98
350041059,6.187999999999999
350042131,9.282
350042602,9.282
350042628,14.700000000000001
350044756,13.337999999999997
350044764,10.175999999999998
350044772,17.77
350046751,9.282
350053013,11.58
350053930,6.187999999999999
350054680,6.016
360000038,21.26
360000129,0.83
360000137,13.84
360000145,43.06
360000160,13.84
360000178,12.963999999999997
360000186,34.234
360000202,15.517999999999999
360000251,34.77
360000962,13.474
360002133,0.0
360002232,17.89
360003149,13.84
360004618,21.26
360006688,20.234
360008056,13.84
360008072,13.84
370000051,1.9779999999999998
370000093,5.39
370000127,13.648
370000143,15.026
370000150,19.752
370000184,11.105999999999998
370000218,15.866000000000001
370000341,13.337999999999997
370000374,15.744000000000002
370000499,10.21
370000515,10.21
370000531,21.19
370000580,12.950000000000001
370000861,10.21
370000879,12.950000000000001
370000903,13.870000000000001
370000986,31.202000000000005
370001109,0.0
370001158,58.33
370002040,6.68
370004301,13.870000000000001
370004467,10.21
370005050,10.21
370007569,4.06
370009938,14.700000000000001
370013062,16.132
370013393,10.21
370013401,10.21
370013450,19.983999999999998
370014474,13.474
370100539,13.918000000000001
370100885,13.474
370102659,12.571999999999997
370102832,12.867999999999999
370103152,13.474
370103673,14.700000000000001
370104002,13.474
370104804,12.867999999999999
380000018,23.830000000000002
380000026,28.81
380000034,14.25
380000042,21.55
380000059,58.4
380000067,12.38
380000075,15.177999999999999
380000091,40.0
380000109,65.38
380000125,42.012
380000133,17.624000000000002
380000166,42.012
380000174,12.4
380000356,16.240000000000002
380000364,42.012
380000406,12.38
380000729,13.474
380000828,6.68
380000968,6.68
380005868,15.866000000000001
380005918,12.723999999999998
380009928,12.512
380012658,8.706
380013037,0.0
380017095,14.894000000000004
380019026,12.867999999999999
380019752,12.38
380019760,12.38
380020123,5.07
380020388,12.38
380024257,12.708
380780197,0.77
380780288,0.46
380780296,16.132
380780312,12.684
380780379,26.09
380781138,48.68
380781369,39.62
380782722,12.38
380784462,12.708
380784801,10.379999999999999
380785840,14.25
380785956,3.69
380786442,1.71
380793810,6.68
380794297,13.402
380795773,11.304
380797217,13.474
380798520,14.25
380802512,25.5
380803965,6.68
390000040,17.72
390000057,28.850000000000005
390000065,15.08
390000073,15.744000000000002
390000081,14.501999999999999
390000164,2.19
390000172,15.402000000000003
390000214,17.72
390000222,17.37
390004349,20.099999999999998
390005742,17.72
390006161,17.72
390008019,16.858
390780369,16.192
390780559,0.29
390780575,1.78
390781193,52.666000000000004
390784833,17.37
390786408,13.474
400000105,13.02
400000113,13.44
400000139,13.44
400000147,25.390000000000004
400000261,25.164
400006607,13.44
400006730,13.474
400007043,13.474
400007332,13.474
400008199,18.46
400010906,13.474
400011201,13.474
400011383,13.02
400011391,13.02
400012506,13.44
400012514,13.44
400012522,13.44
400014072,12.708
400015103,11.152
400015236,3.6
400015533,12.708
400780102,15.578000000000001
400780250,13.44
400780342,0.0
400780367,17.25
400780375,17.372
400780383,19.164
400780425,13.278
400780466,15.866000000000001
400780482,14.71
400780888,14.700000000000001
400781043,13.02
400782777,13.02
400787354,13.02
400789715,13.474
400791018,13.646
410000020,14.47
410000038,34.35
410000046,13.740000000000002
410000053,48.790000000000006
410000202,4.47
410000210,20.512000000000004
410000244,19.012000000000004
410000277,16.872
410000293,13.262
410000418,12.512
410000442,16.044
410000475,13.704
410003768,34.35
410004063,34.35
410004998,6.97
410005003,14.700000000000001
410005011,12.868000000000002
410005284,13.646
410005391,14.501999999999999
410005953,13.474
410007371,18.444000000000003
410007553,6.68
420000010,18.16
420000028,24.486
420000036,41.326
420000192,47.77400000000001
420000226,8.87
420000234,13.28
420000242,12.024
420000267,8.87
420000275,15.906000000000002
420000317,41.51
420000556,12.664000000000001
420002479,22.764
420002677,17.486
420009599,17.3
420010050,3.4219999999999997
420010241,11.62
420010258,14.700000000000001
420011413,5.41
420011512,12.512
420011603,13.474
420011728,13.739999999999998
420012536,6.68
420014110,16.808000000000003
420014623,12.868000000000002
420780504,2.02
420780546,32.858000000000004
420780637,17.3
420780678,17.3
420780744,41.51
420781767,16.132
420782096,15.402000000000003
420782310,4.81
420782559,11.62
420782567,11.62
420782591,0.0
420783102,18.276000000000003
420784845,18.16
420785354,11.62
420788440,14.797999999999998
420788689,13.474
420789067,39.498000000000005
420789968,7.286
420790081,16.132
420793697,15.244
430000026,11.572
430000109,2.37
430000117,12.32
430000141,14.755999999999998
430000158,30.506
430000166,15.808000000000002
430000182,27.158
430000190,12.93
430000216,25.698000000000004
430000299,44.58
430000307,57.26
430000356,39.34
430003475,13.474
430004309,13.474
430004358,13.474
430004408,13.474
430007419,18.378
430007450,0.21
440000016,12.97
440000024,16.044
440000180,13.69
440000255,16.044
440000271,10.46
440000396,9.91
440000404,2.29
440000412,2.21
440000453,10.46
440000487,1.78
440000503,14.209999999999999
440000552,26.9
440000560,16.24
440000644,15.688
440000677,14.209999999999999
440000693,12.374000000000002
440000701,14.71
440000719,15.627999999999998
440000800,18.124000000000002
440000883,26.9
440001113,4.518000000000001
440001253,49.730000000000004
440001261,49.730000000000004
440001279,42.63
440001287,42.63
440001295,14.851999999999999
440001964,17.244
440001972,12.024
440002020,4.21
440002459,16.318
440002939,18.310000000000002
440003291,10.46
440003390,14.61
440005080,10.986
440007482,12.672000000000002
440007607,12.97
440012128,14.700000000000001
440017598,10.46
440018729,12.708
440021202,16.24
440021392,10.46
440024669,24.098000000000003
440027589,13.474
440029338,3.748
440029379,0.31
440032399,42.63
440033819,1.05
440036176,12.868000000000002
440036218,13.474
440036473,13.474
440036499,6.68
440039568,13.474
440041580,5.55
440042513,13.474
440043123,14.886000000000001
440044451,16.044
440048718,0.0
440050433,2.264
440050441,12.868000000000002
440050458,10.46
440050466,10.46
440053007,10.46
440053387,15.744000000000002
440055770,6.68
440055945,52.394000000000005
440059319,14.502000000000002
440059335,14.502000000000002
450000047,12.590000000000002
450000062,14.339999999999998
450000070,16.57
450000120,59.5
450000187,13.293999999999999
450000211,58.33
450000245,2.22
450000252,12.661999999999999
450000260,58.74
450000286,12.512
450000294,15.78
450000336,50.172000000000004
450000526,15.743999999999998
450000930,10.738
450002456,15.744000000000002
450002613,10.34
450010079,1.78
450010442,10.34
450011507,12.708
450011549,12.867999999999999
450012935,9.774000000000001
450012968,0.45
450013081,24.0
450013818,6.187999999999999
450014956,42.012
450017694,12.867999999999999
450018395,13.474
450018460,0.0
450018528,14.700000000000001
450018536,17.77
450018924,16.858
450019336,18.444
450019799,14.339999999999998
450020698,13.474
450021431,12.590000000000002
450021449,10.34
460000045,15.31
460000052,20.68
460000060,12.512
460000102,9.06
460000110,11.97
460000227,52.239999999999995
460004641,13.474
460006075,37.326
460006083,19.137999999999998
460006109,15.31
460006349,26.273999999999997
460006612,13.474
460007404,17.77
460780042,26.541999999999998
460785090,13.402
460785595,11.97
460785900,19.634
460786346,13.474
460786353,13.474
460786478,13.474
470000027,3.7599999999999993
470000159,0.0
470000175,18.808
470000308,14.502000000000002
470000423,15.06
470000431,13.26
470000480,13.85
470000522,15.06
470000530,25.222
470000548,14.893999999999998
470000555,13.85
470000563,0.41
470000571,43.75
470001868,13.474
470002262,13.474
470002320,13.474
470002346,13.474
470002361,13.474
470002387,13.474
470002403,13.474
470002411,13.474
470002627,32.906
470003062,32.906
470008780,15.06
470009358,17.77
470010349,19.983999999999998
470010364,19.766
470012931,13.85
470013558,13.474
470016049,1.452
470016205,15.06
480000017,10.12
480000033,37.31
480000041,31.14
480000058,11.357999999999999
480000066,39.59
480000074,31.209999999999997
480000793,14.502000000000002
480000835,33.8
480001403,6.187999999999999
480001783,4.797999999999999
480001825,14.700000000000001
480002948,10.12
480780212,13.338
480780279,10.12
480780287,31.116
480780543,37.870000000000005
480783034,14.894000000000004
490000049,10.27
490000106,13.402
490000155,4.518000000000001
490000239,48.65
490000247,16.368
490000254,48.65
490000262,2.66
490000296,9.91
490000312,14.700000000000001
490000320,41.59
490000338,51.56
490000353,14.308
490000494,40.908
490000569,14.209999999999999
490000601,15.244
490000635,12.839999999999998
490000643,16.044
490000650,60.61
490000700,40.907999999999994
490000817,17.299999999999997
490001765,12.68
490001831,60.61
490002037,3.3500000000000005
490002979,16.038
490004256,49.721999999999994
490007499,6.68
490007549,13.739999999999998
490007929,1.99
490008604,10.27
490009008,6.68
490009248,15.866000000000001
490011350,13.474
490014909,2.95
490015906,0.52
490016235,13.474
490016334,14.700000000000001
490016870,14.700000000000001
490017613,13.474
490018777,13.739999999999998
490020245,11.17
490020344,13.739999999999998
490020963,13.474
490529005,10.27
490531910,14.368000000000002
490534922,15.866000000000001
490537818,9.774000000000001
490540440,0.0
490543675,14.894000000000004
500000021,17.37
500000146,2.8
500000187,17.3
500000195,59.53
500000203,1.23
500000229,12.512
500000260,17.37
500000278,18.648
500000302,13.941999999999998
500000401,0.19
500000419,15.402000000000003
500000427,28.640000000000004
500000435,17.566
500000450,15.19
500000468,17.3
500000476,19.18
500000575,11.16
500000591,40.57
500002357,1.43
500010384,10.576
500012687,15.402000000000003
500012968,32.906
500021274,20.35
500021282,20.35
500021316,9.282
500021373,13.474
500021381,13.474
500021399,13.474
500021415,13.474
500021423,15.626
500021449,19.983999999999998
500021944,4.11
500024336,14.501999999999999
510000169,13.55
510000177,23.23
510000185,2.6
510000201,33.751999999999995
510000219,9.26
510000235,18.37
510000243,3.26
510000250,17.38
510000284,16.132
510000292,15.866000000000001
510000359,14.058
510000466,38.54
510000516,6.462000000000001
510000813,12.029999999999998
510002298,17.77
510002447,12.950000000000001
510002454,12.950000000000001
510002470,12.950000000000001
510004302,12.950000000000001
510009491,6.68
510010184,13.474
510010754,13.474
510011463,13.474
510011679,12.950000000000001
510012040,0.0
510017098,18.37
510020548,14.700000000000001
510023914,13.55
510023922,23.23
510024359,15.866000000000001
510024466,15.906000000000002
510024490,19.983999999999998
510024979,2.83
510025471,12.304
510025703,11.303999999999998
510026339,9.26
520000019,8.2
520000027,12.1
520000035,35.9
520000043,21.75
520000050,65.85
520000068,12.57
520000076,12.306000000000001
520000084,40.91
520000753,12.867999999999999
520003823,14.700000000000001
520004052,12.868000000000002
520004680,3.908
520004714,3.908
520004847,18.444000000000003
520780156,0.0
520780180,1.48
520780214,25.719999999999995
520782939,12.1
530000017,11.17
530000124,17.446
530000132,49.99999999999999
530000140,39.23
530000165,28.1
530000173,10.71
530000181,49.99999999999999
530000264,12.98
530000611,19.137999999999998
530002898,6.68
530005628,12.423999999999998
530006188,13.474
530008119,6.187999999999999
530008671,12.98
530008788,13.474
530031384,10.71
530031509,14.501999999999999
530031962,2.56
530032788,11.17
540000015,12.41
540000023,10.34
540000072,33.496
540000148,15.783999999999999
540000155,16.75
540000163,12.41
540000270,18.406
540000288,33.648
540000296,21.5
540000312,14.852000000000002
540000361,0.51
540000395,31.712
540000445,3.5660000000000003
540000452,0.34
540000478,2.36
540000486,4.3500000000000005
540000585,13.289999999999997
540000668,16.509999999999998
540000726,39.943999999999996
540000858,32.098
540000973,15.627999999999998
540000981,6.68
540001070,13.999999999999998
540001096,14.352
540001104,27.936
540001138,12.41
540001286,4.518000000000001
540002698,12.41
540003043,12.41
540005196,26.09
540006459,12.41
540006830,13.999999999999998
540008364,10.34
540008380,6.68
540009412,15.459999999999999
540009701,13.646
540009859,14.583999999999998
540010568,14.700000000000001
540013224,1.24
540013232,12.41
540013737,15.626
540014073,0.0
540020146,15.552000000000001
540022811,12.41
540022837,13.575999999999999
540023256,12.423999999999998
540023744,13.474
540023884,12.304
540025046,19.51
540026895,5.81
550000012,14.03
550000038,45.39
550000178,2.42
550000186,14.03
550000202,14.03
550000251,17.14
550000434,17.14
550002885,13.474
550003362,14.03
550003370,14.03
550005219,13.474
560000127,15.79
560000135,15.800000000000002
560000143,20.12
560000184,13.122000000000002
560000192,12.57
560000200,15.79
560000242,12.671999999999999
560000275,15.800000000000002
560000291,15.42
560000366,37.97
560000382,17.624000000000002
560000390,19.0
560000465,15.800000000000002
560000473,15.55
560000499,33.983999999999995
560000697,13.402
560002024,12.512
560002081,17.445999999999998
560002123,17.426
560002685,12.850000000000001
560002933,3.0159999999999996
560002974,36.992
560003006,20.35
560003055,24.0
560003980,15.800000000000002
560004004,9.282
560004277,12.708
560006348,6.187999999999999
560006991,11.304
560007510,0.9399999999999998
560008799,1.58
560009490,13.474
560009508,13.474
560009524,12.867999999999999
560010092,16.508000000000003
560012122,13.374
560014078,13.474
560014128,13.474
560014219,20.12
560015422,15.800000000000002
560018038,18.444
560018509,20.859999999999996
560022188,16.846
560023152,6.68
560023228,23.23
560023848,4.192
560027377,17.863999999999997
560027641,17.394
560029068,3.1080000000000005
560030165,15.800000000000002
570000026,52.666000000000004
570000059,13.970000000000002
570000083,0.56
570000091,13.776
570000109,14.851999999999999
570000117,16.64
570000166,13.199999999999998
570000216,4.640000000000001
570000281,11.73
570000349,11.73
570000356,0.92
570000364,0.14
570000380,12.512
570000448,14.308
570000455,33.55200000000001
570000562,27.208000000000002
570000596,18.956000000000003
570000646,2.78
570000661,11.67
570000687,13.970000000000002
570000794,14.502000000000002
570000828,26.778
570000885,13.402
570000893,5.37
570000901,11.67
570000950,45.588
570000968,80.77
570000992,44.94
570001016,0.7800000000000001
570001057,3.202
570002287,16.706
570003079,27.208000000000002
570003103,15.744000000000002
570003947,25.603999999999996
570004002,13.474
570005215,11.73
570009670,23.002
570010082,6.68
570010181,11.303999999999998
570011635,12.867999999999999
570012369,15.478
570012633,15.866000000000001
570015248,23.23
570015636,13.474
570015750,11.73
570015776,24.59
570022830,13.474
570023309,12.982
570026252,5.122
570026575,11.73
570026682,11.73
570027029,12.867999999999999
570027045,13.474
570027441,13.002000000000002
570027631,11.303999999999998
570027680,12.868000000000002
570029801,11.73
580001899,21.791999999999998
580004588,12.867999999999999
580004638,13.474
580004836,17.33
580006286,15.866000000000001
580006807,13.474
580780138,1.36
580780187,31.937999999999995
580780203,15.286000000000001
580780237,16.028
580971349,25.516
580972008,14.838000000000001
580972560,19.983999999999998
580972610,79.76
580972628,17.33
580972636,12.043999999999999
580972644,94.74
580972651,46.34
580972669,31.5
580972677,23.71
580972685,12.77
580972693,17.33
580972701,13.876000000000001
590000014,8.66
590000097,15.744000000000002
590000105,8.52
590000113,24.0
590000121,11.28
590000188,4.518000000000001
590000337,12.38
590000428,16.55
590000436,9.7
590000444,42.012
590000451,13.677999999999999
590000469,25.240000000000002
590000477,48.13
590000527,28.23
590000535,13.789999999999997
590000543,11.45
590000592,14.24
590000600,50.89
590000618,12.4
590000691,19.66
590000758,12.040000000000001
590000766,61.49
590000774,6.93
590000782,11.42
590000790,13.402
590001004,14.27
590001418,13.402
590001442,12.512
590001582,13.414
590001749,22.718000000000004
590002317,12.708
590005245,16.872000000000003
590006607,8.52
590006896,0.89
590008041,5.01
590008298,23.23
590008306,13.474
590015418,13.474
590016408,10.366
590023438,13.474
590024618,13.474
590024659,13.474
590025128,14.700000000000001
590025458,6.93
590031738,13.474
590032108,17.77
590032199,20.100000000000005
590033429,11.880000000000003
590034732,16.192000000000004
590034815,13.474
590035200,13.474
590035390,13.474
590035838,17.668
590040267,16.808
590040317,13.474
590040325,13.474
590041471,13.474
590043469,17.77
590044632,11.880000000000003
590044640,13.474
590044665,13.492
590045407,8.52
590045514,13.474
590045951,13.474
590046124,20.100000000000005
590046579,13.474
590046744,13.474
590046751,13.474
590046769,13.474
590047361,13.474
590047718,8.66
590047866,13.474
590047874,13.474
590047957,23.23
590048476,13.227999999999998
590049565,38.745999999999995
590052049,18.444000000000003
590052056,2.35
590053955,16.29
590055570,13.165999999999999
590056990,13.474
590060455,13.474
590060596,13.474
590060851,23.23
590060901,8.52
590064416,12.4
590064812,13.474
590065462,13.474
590065488,13.474
590065744,13.474
590067047,11.304
590780060,0.0
590780094,1.99
590780128,15.244
590780250,0.24
590780268,3.31
590780284,11.524
590780342,0.0
590780383,2.39
590781571,2.38
590781951,1.93
590782181,13.740000000000002
590782256,0.0
590782280,25.606
590782298,1.39
590782546,3.6100000000000003
590782553,1.8799999999999997
590782611,12.512
590782694,34.721999999999994
590783171,37.870000000000005
590783189,31.116
590784484,6.68
590784864,8.52
590784898,8.52
590784914,7.286
590785341,12.708
590785374,32.843999999999994
590785424,14.502000000000002
590786984,39.62
590787586,8.52
590788865,11.880000000000003
590788964,1.66
590790473,39.620000000000005
590790655,0.38
590791091,8.52
590791109,14.893999999999998
590791323,12.040000000000001
590791653,8.52
590791729,11.09
590796975,8.52
590797346,40.907999999999994
590797353,9.543999999999999
590797387,13.454
590801106,11.880000000000003
590804696,11.09
590804712,14.856
590806360,1.4899999999999998
590806428,13.474
590809703,15.06
590810099,13.474
590810784,15.06
590810941,13.474
590811006,13.474
590811279,8.52
590812186,11.880000000000003
590812509,17.77
590812749,12.4
590813176,4.12
590813341,13.474
590813382,0.98
590813507,3.75
590813747,13.474
590815007,13.474
590815056,3.36
590816310,1.5
590817441,15.866000000000001
590817458,2.9
590817839,69.23
600000012,10.738
600000020,15.862
600000046,15.862
600000053,13.639999999999999
600000152,48.98
600000186,10.86
600000194,13.26
600000285,15.18
600000467,13.639999999999999
600001184,33.141999999999996
600002067,13.474
600002158,14.856
600003008,18.042
600008734,13.474
600009054,15.748
600010094,12.747999999999998
600010102,15.18
600010862,0.21
600012330,14.856
600013981,13.739999999999998
600013999,0.0
600014419,13.474
600015820,13.474
600100101,33.094
600100168,1.666
600100184,60.370000000000005
600100275,24.0
600100283,15.578000000000001
600100309,14.501999999999999
600100671,15.744000000000002
600100754,3.69
600100796,16.018000000000004
600100861,12.512
600101679,16.216
600101687,27.15
600101943,15.244
600105381,40.976
600107049,11.304
600107494,13.26
600107668,15.18
600109748,13.474
600110175,0.54
600110399,13.474
600111124,40.907999999999994
600112460,10.379999999999999
600113476,15.18
610000028,12.043999999999999
610000044,15.849999999999998
610000051,11.910000000000002
610000069,12.39
610000077,39.75
610000085,40.908
610000093,48.75000000000001
610000101,31.937999999999995
610000119,10.43
610004269,19.506000000000004
610005837,21.791999999999998
610006256,17.12
610006421,0.45
610006710,13.474
610006728,12.867999999999999
610006736,12.867999999999999
610006777,17.516000000000002
610007155,21.791999999999998
610007312,20.35
610008815,10.43
610780108,26.01
610780116,26.01
610780371,24.0
610780389,14.894000000000004
610784050,11.910000000000002
610784423,16.216
610788325,10.43
620000026,2.406
620000034,12.129999999999999
620000059,37.870000000000005
620000067,16.966
620000117,15.244
620000224,11.74
620000232,11.28
620000240,9.9
620000257,10.43
620000281,10.738
620000299,14.94
620000323,13.049999999999999
620000349,10.09
620000638,17.536
620000653,12.44
620001834,12.705999999999998
620002154,10.366
620003202,11.0
620003350,22.718000000000004
620003376,4.916
620003822,14.94
620003889,14.700000000000001
620006049,1.81
620010058,13.474
620010348,17.77
620010389,17.77
620011338,13.474
620012948,13.709999999999999
620013649,14.700000000000001
620018143,12.129999999999999
620018705,13.474
620020636,13.474
620024208,0.0
620024349,13.402
620025346,8.748000000000001
620025494,12.868000000000002
620026252,10.43
620026401,14.894000000000004
620026690,18.444
620026997,13.474
620027664,12.512
620031096,13.474
620032706,13.474
620033712,14.501999999999999
620033753,12.44
620033779,10.596
620033795,13.474
620033829,12.44
620034058,12.129999999999999
620035972,18.444000000000003
620035980,18.444000000000003
620100016,24.0
620100099,1.7900000000000003
620100347,13.492
620100487,3.1799999999999997
620100495,23.999999999999996
620100735,5.01
620100750,1.2
620100842,12.512
620101311,2.0
620101501,4.95
620102954,48.68
620105940,23.79
620105973,13.600000000000003
620105981,14.700000000000001
620106203,42.012
620106625,19.356
620108357,11.0
620111195,12.129999999999999
620115170,13.474
620115410,13.474
620116046,0.0
620117309,6.68
620117325,12.867999999999999
620117606,42.012
620117812,13.474
620118513,4.4
620120063,13.474
630000016,58.260000000000005
630000131,15.402000000000003
630000149,23.999999999999996
630000404,10.48
630000412,25.419999999999998
630000420,12.820000000000002
630000438,29.29
630000446,15.829999999999998
630000479,6.462
630000487,14.894000000000004
630000560,49.15
630005668,6.68
630007698,13.474
630007748,13.474
630007789,13.474
630007839,12.867999999999999
630007888,13.474
630008118,21.058
630009546,14.856
630010296,14.700000000000001
630010510,15.866000000000001
630010528,18.776000000000003
630011211,13.739999999999998
630011823,13.739999999999998
630780179,24.0
630780195,12.024
630780211,4.05
630780310,15.866000000000001
630780369,0.34
630780401,13.648
630780526,39.62
630780559,19.133999999999997
630781268,10.48
630781417,18.124000000000002
630781433,19.012000000000004
630781755,13.774000000000003
630781771,10.48
630781821,85.38
630781839,1.74
630783348,16.318
630783538,10.48
630784742,6.68
630785756,24.0
630790384,13.748
640000162,14.15
640000402,28.23
640000410,14.81
640000428,38.69
640000436,0.0
640000600,11.919999999999998
640003836,17.008000000000003
640005302,13.474
640005310,13.474
640005336,13.474
640005393,14.856
640005591,14.71
640010518,33.647999999999996
640013298,14.700000000000001
640013520,13.474
640013553,13.474
640016580,3.6
640017646,13.03
640017679,13.474
640018206,3.2
640018255,21.53
640018818,18.124000000000002
640019220,3.8539999999999996
640020715,73.43
640020988,13.474
640780185,15.866000000000001
640780268,1.42
640780334,17.426
640780409,17.426
640780490,3.33
640780557,32.248
640780581,26.541999999999998
640780607,25.5
640780623,0.0
640780631,13.918000000000001
640780649,33.648
640780672,0.0
640780714,14.894000000000004
640780748,1.94
640780755,14.15
640780904,14.502000000000002
640780938,10.9
640780946,2.49
640781175,17.196000000000005
640781225,6.75
640781308,1.74
640781332,6.68
640786281,25.182000000000002
640787149,15.866000000000001
640787172,17.255999999999997
640789426,24.0
640789624,32.634
640789640,2.488
640789699,14.700000000000001
640790150,12.732
640792305,17.599999999999998
640796736,13.474
640796835,13.474
640797155,13.474
640797296,13.474
650000045,15.250000000000002
650000052,27.47
650000060,14.880000000000003
650000078,24.0
650000417,11.6
650002579,2.68
650004799,14.700000000000001
650005044,13.474
650005606,11.6
650006638,13.426000000000002
650780141,11.6
650780182,11.6
650780323,25.516000000000005
650780398,15.578000000000001
650780679,6.069999999999999
650780729,12.304
650780737,14.195999999999998
650784218,14.880000000000003
650786668,27.47
650788573,13.474
650788599,13.474
650788607,13.474
650788615,13.474
650789308,18.444000000000003
660000084,17.9
660000092,10.738
660000142,12.705999999999998
660000167,57.760000000000005
660004953,13.474
660004961,13.474
660004979,13.474
660005166,27.499999999999996
660005182,6.187999999999999
660005190,6.187999999999999
660005208,6.187999999999999
660005216,4.192
660005687,13.474
660006172,19.45
660006305,1.27
660007246,19.983999999999998
660007261,18.772000000000002
660008947,17.9
660009341,14.226
660009689,43.762
660010117,17.9
660010174,12.512
660010422,13.740000000000002
660780099,17.508
660780156,24.0
660780321,14.252
660780347,13.225999999999999
660780628,11.2
660780636,24.0
660780669,1.03
660780735,17.06
660780743,13.575999999999999
660780776,8.21
660780784,6.18
660780800,25.368
660780842,26.09
660781097,23.764000000000003
660781287,15.06
660781444,17.9
660790163,12.512
660790387,4.91
670000025,9.54
670000033,5.278
670000041,14.667999999999996
670000058,13.690000000000001
670000157,12.260000000000002
670000165,12.509999999999998
670000215,35.535999999999994
670000249,14.501999999999999
670000272,18.83
670000306,39.21
670000348,14.667999999999996
670000371,18.282
670000397,16.45
670000405,16.45
670000413,12.524000000000001
670000603,14.192000000000002
670002187,0.0
670002278,13.952000000000002
670005479,14.032
670008838,22.764
670013325,0.0
670013341,0.0
670013754,13.502000000000002
670013895,9.282
670014042,4.11
670014430,12.57
670014455,9.282
670014612,17.255999999999997
670014992,14.166
670017458,32.160000000000004
670018068,1.92
670018449,13.740000000000002
670020098,5.626
670780113,9.54
670780121,14.2
670780170,2.21
670780188,1.116
670780212,5.1739999999999995
670780378,1.6
670780386,2.56
670780501,17.241999999999997
670780550,15.578000000000001
670780592,37.87
670780600,37.870000000000005
670780915,24.0
670781129,13.066
670783133,9.54
670783273,9.54
670795921,6.187999999999999
670797539,12.588
670798636,2.084
670799550,9.54
670799667,6.187999999999999
680000031,16.22
680000072,39.238
680000122,16.22
680000130,16.318
680000189,16.518
680000221,34.466
680000247,15.402000000000003
680000296,34.234
680000312,15.708
680000320,2.69
680000338,0.0
680000494,3.08
680000544,16.22
680000577,8.04
680000601,16.22
680000627,16.22
680000684,12.620000000000001
680000692,33.372
680000700,11.04
680000742,32.778
680000767,14.862000000000002
680000783,14.502000000000002
680000833,15.345999999999998
680000874,0.0
680000882,33.495999999999995
680001195,3.91
680001294,16.858
680001310,26.541999999999998
680001328,23.999999999999996
680001617,14.501999999999999
680004546,16.22
680004553,16.22
680004579,12.620000000000001
680007648,20.100000000000005
680010824,6.187999999999999
680013778,6.187999999999999
680017829,14.700000000000001
680020088,5.158000000000001
680020096,16.22
680020427,14.690000000000001
680020823,6.187999999999999
680022753,15.866000000000001
690000013,12.65
690000021,9.69
690000039,26.482
690000047,59.09
690000054,42.012
690000062,33.696000000000005
690000088,6.673999999999999
690000096,13.402
690000245,31.326
690000310,17.06
690000336,11.966
690000401,23.824
690000427,9.952
690000575,10.68
690000583,64.71
690000591,52.77
690000617,24.509999999999998
690000625,24.509999999999998
690000633,49.15
690000773,66.16
690000880,5.404000000000001
690001524,14.2
690002092,15.026
690004718,13.474
690007539,10.11
690010848,15.866000000000001
690019849,10.11
690022009,6.68
690022058,6.68
690022959,1.06
690023098,12.867999999999999
690023239,0.84
690023411,4.57
690024773,13.474
690025366,16.192000000000004
690029186,0.0
690030119,14.322000000000001
690030283,12.512
690030333,13.740000000000002
690030770,9.774000000000001
690031513,13.474
690036108,17.152
690040845,18.548
690041108,10.11
690041124,3.17
690041132,7.701999999999999
690041488,17.152
690041579,12.708
690042080,7.2139999999999995
690043393,12.708
690043476,0.0
690044037,20.24
690044045,15.11
690044623,11.304
690044649,4.11
690048392,13.474
690050687,16.148000000000003
690051347,14.425999999999998
690780093,7.24
690780150,44.672
690780200,33.336
690780226,0.0
690780259,0.09
690780358,1.7199999999999998
690780366,3.37
690780390,3.5299999999999994
690780416,3.5180000000000002
690780481,14.672
690780499,6.68
690780507,17.55
690780515,17.426
690780523,13.721999999999998
690780549,10.78
690780648,5.11
690780655,5.67
690780663,1.34
690781026,12.512
690781745,10.78
690782081,12.708
690782172,12.708
690782420,14.667999999999996
690783154,10.11
690784137,10.11
690784152,10.11
690784178,10.11
690784186,10.11
690784194,10.11
690784202,10.11
690787429,10.11
690787478,10.11
690788930,14.700000000000001
690790472,14.501999999999999
690791082,1.68
690791132,20.802000000000003
690793468,5.25
690795489,13.474
690796727,13.402
690797873,49.15
690801709,25.182000000000002
690802251,10.68
690802913,20.802000000000003
690803044,12.512
690803093,14.795999999999998
690804018,12.867999999999999
690805361,7.188000000000001
690807367,2.74
700000011,12.78
700000029,12.78
700000045,14.894000000000004
700000698,18.317999999999998
700003577,13.474
700004377,13.740000000000002
700780042,13.066
700780059,12.78
700780075,12.043999999999999
700780174,0.12
700780208,12.78
700784341,13.197999999999999
700784887,14.894000000000004
710002288,14.2
710002569,15.402000000000003
710006859,1.94
710010067,17.76
710010166,13.474
710010786,15.469999999999999
710014317,14.856
710014820,18.548
710015231,14.700000000000001
710015587,17.088
710780081,16.192
710780818,17.06
710780917,2.68
710781410,2.6
710781535,15.866000000000001
710781824,1.85
710970658,13.474
710972365,17.76
710972423,15.29
710973504,13.474
710974502,13.474
710974528,13.474
710977307,14.894000000000004
710978107,53.46999999999999
710978123,17.76
710978131,60.0
710978156,38.15
710978180,62.839999999999996
710978206,31.624000000000002
710978214,13.107999999999999
710978230,8.89
710978248,15.469999999999999
710978255,40.0
710978263,14.110000000000001
710978271,17.76
710978289,15.29
710978313,23.51
710978347,14.689999999999998
720000033,11.49
720000041,10.738
720000124,39.49
720000199,2.34
720000231,1.39
720000249,11.910000000000002
720000314,13.276000000000002
720000389,38.414
720000413,24.0
720000470,11.910000000000002
720000520,23.02
720000744,13.926
720000801,14.044
720000819,42.012
720001437,23.74
720001569,18.089999999999996
720003441,6.68
720005909,11.49
720012509,13.454
720014729,11.668
720016138,13.740000000000002
720016179,15.79
720016690,13.474
720016823,14.586
720016831,13.474
720016856,14.700000000000001
720017748,5.28
720017755,13.474
720017839,6.68
720018100,12.134
720019918,14.501999999999999
730000031,16.75
730000049,14.19
730000080,11.36
730000098,16.75
730000247,8.35
730000262,14.19
730000270,19.404000000000003
730000288,11.36
730000304,13.402
730000924,12.867999999999999
730004298,2.37
730005709,13.474
730007978,18.124000000000002
730010477,11.36
730012176,14.19
730012440,14.19
730012499,3.16
730780475,16.044
730780681,15.866000000000001
730780988,16.558000000000003
730783552,16.75
730783644,16.75
730783974,33.74
730785011,13.474
730785276,14.19
730785466,13.474
730786233,12.867999999999999
730786464,13.474
730790235,13.474
740000062,26.303999999999995
740000237,13.730000000000002
740000278,33.160000000000004
740000286,27.270000000000003
740000294,71.53
740000302,13.730000000000002
740000328,12.88
740000401,40.976
740000583,13.402
740001847,25.535999999999998
740001912,14.856
740004148,14.720000000000002
740010475,20.100000000000005
740010889,13.474
740011481,13.730000000000002
740011515,12.868000000000002
740012646,13.474
740013412,13.730000000000002
740014345,1.94
740014519,14.322000000000001
740014691,15.754000000000001
740015581,13.730000000000002
740016639,18.444
740016696,15.578000000000001
740780135,15.402000000000003
740780143,12.512
740780176,15.866000000000001
740780184,16.462
740780416,1.93
740780424,1.24
740780986,31.808
740781026,16.73
740781034,18.575999999999997
740781141,11.96
740781166,10.76
740781224,10.76
740788070,12.88
740788617,6.68
740789532,71.53
740789649,13.474
740789821,12.867999999999999
750000184,12.867999999999999
750000481,0.61
750000499,4.2
750000507,12.512
750000523,6.2620000000000005
750000549,5.664000000000001
750003378,27.448
750006538,2.9
750007528,17.536
750007668,16.403999999999996
750009318,12.868000000000002
750014128,12.512
750014169,23.999999999999996
750027369,4.2
750032229,14.501999999999999
750038739,14.886000000000001
750039448,12.594000000000003
750040297,13.474
750041543,26.590000000000003
750042459,14.700000000000001
750042830,34.794
750047128,15.866000000000001
750047318,4.797999999999999
750049561,14.894000000000004
750052037,10.738
750055287,51.306000000000004
750057028,11.304
750057267,6.68
750064461,13.739999999999998
750064479,13.739999999999998
750064495,13.739999999999998
750066441,13.739999999999998
750100018,0.03
750100042,11.43
750100075,14.569999999999999
750100083,31.58
750100091,16.51
750100109,7.059999999999999
750100125,10.56
750100166,6.249999999999999
750100208,6.94
750100216,14.286
750100232,9.58
750100273,10.42
750100299,40.71
750140022,15.086
750150013,1.216
750150088,16.191999999999997
750150104,8.790000000000001
750150146,13.364000000000004
750150187,15.094000000000001
750150237,4.918
750150252,12.857999999999999
750150260,1.216
750150286,29.612000000000002
750150344,29.837999999999997
750150377,53.424
750160012,4.518000000000001
750170102,16.498
750170128,11.304
750170243,12.708
750170268,12.708
750170490,12.708
750200024,13.474
750300014,0.0
750300071,0.72
750300089,0.13
750300097,0.0
750300121,0.65
750300139,0.49
750300154,1.01
750300360,0.73
750300410,0.76
750300493,2.78
750300550,0.0
750300592,0.08
750300667,1.08
750300741,0.0
750300766,3.46
750300774,0.12
750300840,0.15
750300857,0.05
750300881,0.02
750300915,2.36
750300931,0.85
750301137,9.15
750301145,5.8
750301160,0.4
750310013,16.706
750700015,13.739999999999998
750710782,11.304
750719361,17.152
750720674,17.152
750790164,0.0
750801441,24.060000000000002
750802316,11.304
750802985,12.708
750803447,12.53
750803454,5.18
750806226,14.700000000000001
750808578,13.856000000000002
750813016,11.304
750814824,6.68
750825184,13.740000000000002
750826141,11.304
750827214,11.304
750829053,0.0
750831067,4.192
760000018,12.9
760000026,19.202
760000034,33.372
760000042,37.39
760000059,56.589999999999996
760000133,14.693999999999999
760000141,10.52
760000158,10.52
760000166,4.085999999999999
760000174,48.349999999999994
760000182,1.29
760000190,11.42
760000356,13.82
760000364,19.52
760000372,14.96
760000380,15.69
760000398,14.96
760000463,13.059999999999999
760000620,37.870000000000005
760000802,42.012
760017079,15.866000000000001
760020529,14.700000000000001
760021329,5.23
760023671,10.52
760025312,1.06
760025668,13.474
760025718,13.474
760025809,13.474
760025858,13.474
760025908,12.867999999999999
760026088,12.867999999999999
760026138,13.474
760026252,12.9
760026674,18.124000000000002
760027292,3.1799999999999997
760028985,14.856
760028993,23.23
760029017,16.732
760034637,15.744000000000002
760035147,16.132
760035592,12.868000000000002
760035709,17.77
760037796,18.018
760780130,14.893999999999998
760780205,0.24
760780288,12.708
760780510,2.28
760780619,2.85
760780668,0.0
760780676,32.778
760780692,13.996
760780783,0.82
760780791,2.74
760780825,1.45
760780981,15.866000000000001
760781054,14.886000000000001
760781070,13.82
760783035,26.187999999999995
760783159,1.29
760783522,10.52
760783530,10.52
760783563,12.708
760800938,12.9
760802439,33.74
760805770,13.82
760806950,19.52
760917773,6.68
760920603,15.866000000000001
760920918,14.2
760921809,4.43
770000131,11.81
770000149,14.83
770000156,14.209999999999999
770000164,14.83
770000172,11.12
770000180,14.209999999999999
770000214,14.83
770000420,15.626
770000446,11.81
770001873,13.474
770003788,14.856
770006138,16.32
770016087,0.0
770016160,13.474
770016467,15.866000000000001
770016475,20.100000000000005
770016491,15.866000000000001
770019032,11.81
770020055,0.0
770020477,25.565999999999995
770020949,18.444
770021186,19.931999999999995
770021251,14.700000000000001
770022473,14.016
770023026,18.456000000000003
770023034,17.196000000000005
770023042,14.501999999999999
770023059,14.903999999999998
770150027,13.498000000000001
770150043,14.894000000000004
770300010,10.81
770300135,4.74
770300143,1.36
770300192,3.5660000000000003
770300218,15.866000000000001
770300259,12.512
770310019,16.706
770310027,16.028
770420024,15.744000000000002
770510055,17.088
770700011,14.367999999999999
770701225,15.866000000000001
770790707,4.36
770803708,13.474
770803989,14.982000000000001
770809028,4.797999999999999
770813400,1.42
770813426,13.474
770813459,13.474
770813814,11.81
770814986,13.474
780000287,10.33
780000295,13.25
780000303,47.870000000000005
780000311,11.99
780000329,10.13
780000337,11.99
780000345,9.66
780000352,14.792000000000002
780000360,40.976
780000378,43.99
780000386,53.27000000000001
780000402,47.870000000000005
780000410,13.402
780000428,13.25
780001558,13.474
780001657,12.794
780001707,10.379999999999999
780004529,20.100000000000005
780008298,26.435999999999996
780018727,4.04
780020111,17.536
780022737,33.62
780022760,15.402000000000003
780023164,13.979999999999999
780023545,19.509999999999998
780023909,12.708
780028676,10.175999999999998
780140018,7.085999999999999
780140042,16.114
780140075,13.282
780150017,47.002
780150066,21.740000000000002
780170049,12.708
780170056,11.304
780300075,7.03
780300083,13.646
780300109,16.558
780300125,1.66
780300208,1.67
780300224,31.482
780300323,1.37
780300406,3.37
780300414,3.9000000000000004
780300422,3.23
780300455,2.82
780310025,16.872000000000003
780420022,14.894000000000004
780420048,16.192
780630026,16.994
780700027,13.996
780800256,9.66
780808234,13.474
780822631,13.474
780822748,13.25
780823134,13.474
780825816,14.502000000000002
780826152,13.474
790000087,11.58
790000103,13.0
790000111,40.57
790000137,40.57
790000145,15.493999999999998
790000186,26.09
790000269,14.502000000000002
790000681,15.744000000000002
790003537,13.0
790007306,12.868000000000002
790007694,13.0
790008064,23.999999999999996
790009948,4.68
790012355,11.58
790016794,12.867999999999999
790017289,20.548000000000002
790019848,13.0
790020960,11.58
800000143,19.21
800000150,14.502000000000002
800000184,23.32
800000192,12.590000000000002
800000200,25.81
800000226,14.100000000000001
800000275,15.16
800000390,26.570000000000004
800000432,13.8
800000440,26.570000000000004
800000457,13.402
800000507,30.58
800000523,17.77
800000614,12.590000000000002
800002503,1.09
800004111,13.8
800004152,13.8
800006124,12.590000000000002
800006231,19.21
800008989,14.502000000000002
800009466,2.59
800009920,2.23
800010159,13.474
800010324,13.474
800010639,21.842
800012528,15.244
800013179,4.71
800015448,13.8
800015489,23.32
800015539,19.21
800015588,15.16
800015729,2.76
800016727,14.501999999999999
800016735,12.590000000000002
800016768,20.100000000000005
800016776,26.570000000000004
800017253,12.590000000000002
800018228,13.648
800018491,0.0
800020281,13.474
800020299,13.474
810000158,17.3
810000224,8.43
810000232,12.794
810000448,49.65
810000505,11.52
810000513,53.5
810000521,15.940000000000001
810000539,50.36000000000001
810000547,15.940000000000001
810000562,10.78
810003368,13.474
810003954,37.870000000000005
810004200,26.541999999999998
810007989,21.058
810011197,13.474
810099838,15.940000000000001
810100008,10.738
810100370,15.940000000000001
810101170,3.6399999999999997
810101444,6.86
810101741,13.474
810101758,13.474
810102947,13.474
820000032,13.67
820000040,5.52
820000057,7.459999999999999
820000065,0.04
820000198,17.94
820000412,11.105999999999998
820000420,40.907999999999994
820000438,12.196
820000461,15.617999999999999
820000883,17.94
820002350,23.178
820003218,13.575999999999999
820003911,12.259999999999998
820004067,13.67
820005791,12.867999999999999
820005908,11.304
820007102,14.856
820009611,17.94
830000279,10.3
830000287,14.300000000000002
830000295,12.87
830000303,12.512
830000311,16.98
830000337,11.34
830000345,11.31
830000600,16.122
830003877,14.926
830009528,16.98
830012498,19.238
830012548,0.0
830012589,6.68
830012688,2.488
830013629,18.508
830013819,4.976
830015970,10.379999999999999
830016556,38.188
830016671,6.68
830017372,14.690000000000001
830017497,14.195999999999998
830017505,4.976
830019600,14.700000000000001
830020889,12.87
830100012,13.534000000000002
830100087,14.982000000000001
830100103,3.6399999999999997
830100251,5.72
830100319,7.02
830100327,0.3
830100335,26.192
830100368,5.76
830100392,4.08
830100418,0.05
830100434,2.47
830100442,18.124000000000002
830100459,0.81
830100475,2.88
830100558,10.11
830100574,8.016000000000002
830100582,4.11
830100608,11.31
830100624,12.512
830100632,13.454
830100681,12.512
830100756,10.100000000000001
830100764,14.008
830100806,14.672
830100814,14.96
830100822,14.501999999999999
830100855,64.01
830101408,31.808
830200507,15.866000000000001
830200515,15.026
830200523,5.262000000000001
830202743,11.31
830206298,10.3
830206397,13.740000000000002
830206983,10.3
830207114,17.77
830212783,18.796
830213617,4.192
830213625,6.187999999999999
830213856,12.87
830213989,14.300000000000002
830215687,6.68
830215919,15.026
830216495,13.474
840000202,14.894000000000004
840000285,0.8599999999999999
840000327,1.29
840000343,20.05
840000350,12.383999999999999
840000392,12.56
840000400,0.9
840000418,11.35
840000426,73.08
840000434,2.4
840000467,0.79
840000483,17.87
840000491,9.74
840000509,17.54
840000517,16.762
840000525,28.3
840000533,27.329999999999995
840000541,12.802000000000001
840000558,11.35
840001861,13.0
840006480,17.87
840007579,20.05
840011043,0.0
840011340,14.700000000000001
840012538,6.187999999999999
840013312,4.71
840013445,0.12
840014088,13.996
840014849,14.639999999999999
840015200,13.474
840017172,2.6
840017214,16.192
840017222,2.488
840017461,4.976
840018337,13.0
840018691,11.303999999999998
840018774,5.582
840019079,1.6900000000000002
840019228,13.0
850000118,1.99
850000126,1.47
850000134,3.74
850000142,10.97
850000175,16.24
850000183,13.429999999999998
850000191,27.040000000000003
850000209,10.97
850000225,10.97
850000233,16.24
850000241,12.09
850000258,12.053999999999998
850000357,15.866000000000001
850000399,31.61
850000647,45.6
850002130,14.501999999999999
850002395,19.012000000000004
850002403,15.744000000000002
850003377,16.24
850005224,23.794
850006008,14.700000000000001
850009333,12.867999999999999
850009630,13.429999999999998
850009762,13.474
850011271,12.868000000000002
850021049,12.09
850021866,14.680000000000001
850022013,13.015999999999998
850022047,13.474
850023151,12.868000000000002
850025156,6.68
860000017,0.56
860000025,12.57
860000033,12.57
860000058,12.57
860000223,12.57
860005768,12.868000000000002
860008929,15.488
860009208,15.286
860010321,2.05
860011014,12.57
860011410,13.740000000000002
860780311,2.61
860780436,26.541999999999998
860780568,0.63
860782598,6.68
860790419,16.088
860791268,15.866000000000001
860793405,17.486
870000064,11.900000000000002
870000080,6.68
870000098,11.39
870000171,15.402000000000003
870000221,12.304
870000270,20.28
870000288,5.55
870000403,39.87
870000411,2.61
870000551,39.87
870000601,40.2
870001567,39.87
870002516,11.39
870003514,11.900000000000002
870004231,14.700000000000001
870005931,11.39
870006137,12.972
870007358,13.740000000000002
870008042,11.900000000000002
870009297,23.23
870010998,11.900000000000002
870014792,6.68
870014859,11.900000000000002
870016631,15.866000000000001
870017647,11.900000000000002
880000021,11.890000000000002
880000039,13.44
880000047,13.44
880000054,13.61
880000062,12.19
880000070,13.61
880000088,13.402
880000104,16.142
880000112,26.541999999999998
880000138,23.823999999999998
880000179,13.44
880000187,54.354
880000203,31.116
880000211,13.44
880000336,11.890000000000002
880001458,13.474
880001730,13.474
880006606,21.058
880006663,11.890000000000002
880006721,19.931999999999995
880007653,12.867999999999999
880007752,13.44
880008529,17.536
880009410,13.44
880780465,20.483999999999998
880780507,14.96
880785548,12.867999999999999
880786637,12.19
880786645,13.44
880788591,3.4
890000169,1.7199999999999998
890000250,34.721999999999994
890000292,25.162000000000003
890000300,26.056
890000318,15.866000000000001
890002298,15.642
890002371,10.518
890002389,3.2099999999999995
890003130,13.474
890008295,13.474
890008956,14.856
890009178,14.700000000000001
890971583,32.5
890972862,13.474
890973258,17.22
890973431,13.474
890975519,1.05
890975527,15.590000000000002
890975535,35.56
890975543,32.5
890975550,17.22
890975568,31.76
900000035,0.4
900000647,15.936000000000002
900001728,13.474
900002429,12.613999999999999
900003039,15.590000000000002
900003070,15.590000000000002
910000199,14.856
910000272,10.9
910000280,15.930000000000001
910000298,13.629999999999999
910000306,13.629999999999999
910000314,10.23
910000330,0.0
910001973,15.930000000000001
910002609,6.68
910005057,13.474
910008028,34.068
910009349,0.0
910009919,15.402000000000003
910015965,43.45
910018423,13.629999999999999
910020254,10.23
910022037,13.474
910022888,24.23
910023407,13.739999999999998
910025410,20.100000000000005
910100015,37.06
910100031,38.08
910110071,13.629999999999999
910140037,11.544
910150010,43.762
910150028,11.278
910150069,33.822
910150077,14.502000000000002
910150085,15.062000000000003
910300011,0.23
910300045,15.866000000000001
910300060,53.53
910300144,3.8199999999999994
910300151,14.466000000000001
910300177,1.6
910300219,7.55
910300235,26.541999999999998
910300276,12.512
910300300,9.97
910300326,54.93
910300359,7.82
910310028,16.792
910500040,38.745999999999995
910800986,13.629999999999999
910803543,4.69
910805357,0.52
910811322,37.870000000000005
910813732,15.586000000000002
910813963,12.868000000000002
910814144,13.474
920000460,4.518000000000001
920000569,10.89
920000577,10.14
920000585,10.89
920000593,10.89
920000601,56.56
920000619,11.84
920000627,11.84
920000635,12.588000000000001
920000643,4.438
920000650,9.472
920000684,4.572
920001096,16.872000000000003
920001369,15.345999999999998
920002177,13.402
920004058,15.242
920004959,13.474
920005238,12.512
920007408,18.107999999999997
920007549,12.600000000000001
920012978,14.774000000000001
920014099,15.866000000000001
920016698,15.586000000000002
920022704,13.474
920024205,15.345999999999998
920024718,23.828
920025210,12.867999999999999
920027711,0.24
920028917,17.255999999999997
920029550,6.870000000000001
920030962,16.872000000000003
920031036,17.786
920033479,13.474
920100013,11.47
920100021,9.19
920100039,11.82
920100047,9.67
920100054,5.7
920100062,21.02
920120011,9.052
920140019,12.723999999999998
920140027,17.55
920150018,24.0
920150075,13.996
920170024,12.708
920170081,17.152
920170115,11.304
920300043,4.69
920300183,0.0
920300191,0.48
920300258,15.866000000000001
920300266,23.55
920300365,0.14
920300381,16.044
920300415,2.5
920300423,14.886000000000001
920300464,14.501999999999999
920300563,15.866000000000001
920300597,5.98
920300712,0.0
920300753,7.610000000000001
920300761,5.29
920300787,6.359999999999999
920300837,0.12
920300845,51.254
920300886,12.512
920300936,8.64
920300985,31.61
920301033,21.45
920310026,16.706
920310034,16.706
920310059,18.124000000000002
920600061,14.501999999999999
920690278,12.708
920700010,14.502000000000002
920711512,12.512
920803798,24.0
920811635,11.829999999999997
920811775,12.867999999999999
920813623,14.700000000000001
930000286,15.34
930000294,15.34
930000302,10.36
930000328,9.67
930000336,7.38
930000344,17.624000000000002
930001433,9.67
930003355,13.474
930003942,12.867999999999999
930004288,12.708
930006648,12.512
930009188,15.743999999999998
930011788,15.578
930013818,15.866000000000001
930014428,6.68
930015458,14.856
930017512,12.794
930018460,12.867999999999999
930019203,13.996
930020920,13.648
930020987,14.502000000000002
930021001,13.996
930021431,15.744000000000002
930022603,12.868000000000002
930023692,14.894000000000004
930025127,12.867999999999999
930026661,11.304
930026885,15.094
930031406,4.976
930100011,16.62
930100037,13.530000000000001
930100045,4.41
930150032,2.936000000000001
930150057,14.855999999999998
930300025,7.160000000000001
930300066,4.83
930300082,4.05
930300116,3.75
930300124,14.501999999999999
930300140,15.866000000000001
930300264,0.55
930300280,12.794
930300298,0.66
930300546,16.558
930300553,6.57
930300587,1.85
930300595,4.01
930300645,7.970000000000001
930300678,19.012000000000004
930310016,11.357999999999999
930500012,24.0
930700018,13.739999999999998
930706239,9.67
930813910,13.474
930815501,4.2
930815618,6.68
930816079,13.474
930817333,0.0
930817465,11.304
930817606,13.474
940000078,12.867999999999999
940000573,7.68
940000599,11.3
940000607,11.357999999999999
940000615,13.804
940000631,0.24
940000649,5.45
940000656,27.494
940000664,3.922
940006679,2.83
940008139,15.866000000000001
940016868,2.9
940019375,13.474
940021157,11.303999999999998
940022916,18.444000000000003
940100027,13.8
940100035,32.17
940100043,10.8
940100050,40.2
940100068,12.129999999999999
940120017,13.982
940170012,17.536
940170137,12.708
940300031,2.99
940300080,16.36
940300163,42.83
940300270,3.2699999999999996
940300379,8.33
940300445,8.19
940300452,3.7
940300494,6.83
940300502,18.418000000000003
940300551,4.4
940300569,7.78
940300577,16.086000000000002
940310014,16.132
940310022,16.872000000000003
940700032,14.2
940700040,16.044
940715170,11.304
940721400,11.303999999999998
940806490,36.326
940807654,12.708
940812506,11.3
940813017,12.868000000000002
940813033,0.25
940813090,15.866000000000001
940814460,13.474
950000307,13.759999999999998
950000315,15.317999999999998
950000323,11.14
950000331,11.6
950000349,19.392
950000364,8.97
950000398,12.613999999999999
950000406,33.27
950000695,15.486
950000703,14.268
950002568,13.402
950006908,15.026
950016139,16.817999999999998
950031237,20.24
950032714,0.0
950150011,12.512
950150052,10.038
950300087,13.451999999999998
950300095,3.92
950300103,26.541999999999998
950300152,37.23
950300194,15.524000000000001
950300202,1.34
950300244,1.8
950300277,1.48
950300301,0.31
950300327,15.866000000000001
950300376,27.608
950310029,17.028
950420042,15.524000000000003
950500017,12.512
950630012,23.828
950700021,15.866000000000001
950787119,12.708
950787135,11.734
950805671,12.752
950806166,20.24
950806307,12.867999999999999
950807982,1.37
950808725,13.474
950808949,12.868000000000002
970100012,4.61
970100020,2.33
970100111,14.826
970100129,16.044
970100137,6.78
970100251,13.908
970100384,8.41
970100392,13.51
970100400,7.82
970100418,15.101999999999999
970100426,27.17
970100442,14.84
970100459,52.25
970100475,13.402
970100483,0.0
970102596,2.7
970103016,14.501999999999999
970103099,36.81
970104477,14.501999999999999
970107249,1.1
970107454,12.868000000000002
970107587,12.867999999999999
970107595,13.474
970107611,13.474
970107637,6.68
970108957,11.834000000000001
970111217,19.51
970111365,17.77
970111563,17.77
970111571,2.488
970111670,13.474
970112033,12.636000000000001
970112470,7.82
970112587,14.84
970112884,14.84
970115002,19.95
970115044,14.501999999999999
970115564,13.474
970200028,14.501999999999999
970200036,56.190000000000005
970200044,40.27
970200051,14.501999999999999
970200069,11.568
970200077,48.68
970200101,16.150000000000002
970202313,1.15
970203303,15.524000000000001
970203493,10.986
970203774,6.68
970208104,15.796000000000003
970209219,0.0
970209714,17.426
970210282,13.474
970210290,12.867999999999999
970210308,13.474
970210324,13.474
970211165,12.512
970211173,14.501999999999999
970211215,14.95
970211223,14.95
970211231,14.95
970211249,14.95
970211256,14.95
970212833,17.77
970213278,14.95
970213286,14.95
970300026,10.13
970300083,6.47
970302055,0.77
970302071,27.029999999999998
970302535,13.474
970303350,13.474
970303608,19.444
970303640,14.700000000000001
970303657,18.318
970304580,13.474
970304614,18.318
970305124,12.932
970305520,13.739999999999998
970305637,8.11
970305843,36.5
970305975,6.47
970400016,12.043999999999999
970400024,12.45
970400057,12.45
970400065,15.41
970400073,11.27
970400081,12.45
970400099,12.45
970400156,11.27
970400180,12.45
970403119,20.548000000000002
970403663,14.257999999999997
970403671,13.474
970403705,4.976
970403721,4.976
970403747,6.187999999999999
970403754,4.976
970403762,6.187999999999999
970403770,6.187999999999999
970404018,2.488
970404109,0.42
970404158,4.976
970404406,15.016000000000002
970404588,14.838000000000001
970404679,13.740000000000002
970404711,19.509999999999998
970404844,0.0
970404851,20.548000000000002
970405064,2.488
970405395,18.46
970405411,0.0
970405452,13.474
970405650,13.740000000000002
970405676,0.0
970405726,16.558000000000003
970406096,33.74000000000001
970406203,16.558
970406245,16.436
970406625,21.124000000000002
970407151,4.976
970407318,20.099999999999998
970407656,21.124
970407722,13.474
970408753,11.164
970409470,27.317999999999998
970409645,14.257999999999997
970409991,6.187999999999999
970410064,0.0
970410155,6.187999999999999
970410528,14.838000000000001
970410783,21.124
970423000,14.94
970462024,0.7800000000000001
970462073,0.2
970462081,1.09
970462107,5.81
970463113,38.188
970463139,12.45
970466504,14.501999999999999
970466751,0.0
970467155,13.402
970467197,8.069999999999999
980500011,12.953999999999999
980500763,0.0
980500920,12.867999999999999
980501159,13.474
980501258,13.474
980502298,20.548000000000002
